1,21,873.89,3
1,17,916.12,98
1,12,870.26,98
1,5,54.53,68
1,0,307.92,18
2,0,617.20,83
2,21,16.81,88
2,10,165.50,88
2,20,204.83,5
2,7,845.00,94
4,6,602.57,51
4,22,122.52,20
4,24,162.76,9
4,18,488.85,95
4,12,872.80,19
4,13,154.59,15
4,11,212.01,12
5,15,777.49,36
5,12,630.65,13
5,6,636.51,92
5,10,3.59,86
5,5,787.67,71
5,7,94.75,30
5,4,169.58,38
5,24,221.55,31
5,1,248.39,31
7,21,717.88,25
7,11,215.38,87
7,12,327.77,66
8,10,193.46,70
9,3,456.03,20
12,12,616.56,58
12,5,263.22,62
12,18,772.70,34
13,3,894.38,58
13,6,715.82,69
13,19,601.86,98
13,8,879.69,48
13,2,521.21,84
13,7,395.85,80
14,21,249.07,68
14,19,867.62,16
14,9,586.90,86
14,7,338.98,28
15,19,91.17,2
15,1,578.26,16
15,15,159.07,83
15,2,706.00,97
15,14,946.96,23
15,16,135.08,25
15,20,226.93,48
15,9,446.64,17
15,18,407.54,19
17,3,87.66,19
17,24,369.14,7
17,15,162.56,10
17,6,552.03,77
17,8,935.61,80
17,13,205.35,62
17,1,662.50,91
17,5,66.60,76
18,10,200.89,56
18,19,752.29,12
18,16,902.13,77
19,1,412.19,90
19,6,341.46,68
19,5,389.20,2
20,20,444.70,34
20,10,193.64,30
20,0,965.74,11
20,5,227.19,78
20,7,756.98,29
26,9,325.14,8
26,23,909.40,44
26,7,281.36,32
26,4,941.62,9
26,15,615.51,25
26,12,126.56,55
27,19,549.66,8
27,9,688.60,59
27,2,251.68,24
27,15,474.86,85
27,4,564.48,5
27,18,391.17,10
32,2,474.84,37
32,1,486.62,11
33,0,506.92,53
37,9,149.61,20
37,15,944.23,51
37,4,445.63,57
37,6,53.84,10
38,15,546.23,13
38,23,207.01,0
41,18,186.91,55
42,20,842.45,88
42,8,248.89,8
42,6,800.26,76
42,3,653.23,32
44,17,193.08,55
44,1,199.87,55
44,4,668.30,50
44,12,759.61,76
44,9,249.66,5
44,2,699.95,100
44,21,930.54,19
44,10,704.43,69
44,18,394.88,39
45,10,155.75,4
46,12,478.65,0
46,17,242.71,100
46,20,178.98,49
46,7,807.18,38
46,4,121.09,5
46,21,701.68,43
46,9,835.54,19
46,5,239.84,73
51,23,377.60,76
51,15,732.06,88
53,10,217.62,33
54,13,728.78,29
54,9,716.74,59
54,3,557.32,22
54,20,814.21,84
54,15,192.89,67
56,0,840.71,16
56,5,920.97,61
56,20,865.54,1
56,6,444.21,47
56,23,71.88,13
56,19,162.72,73
56,2,292.17,49
56,9,795.45,71
56,14,298.36,17
58,7,447.85,28
58,23,943.10,3
58,14,985.09,64
58,6,939.83,20
58,19,59.17,82
58,16,435.96,80
58,18,373.89,95
58,5,779.55,73
59,20,2.09,25
60,19,338.68,93
60,0,818.78,67
60,2,778.39,53
60,14,487.21,22
60,10,752.90,54
60,5,811.43,86
62,10,245.14,27
62,15,651.76,97
62,5,877.85,14
67,23,473.79,38
67,17,250.52,67
67,8,757.02,69
67,6,817.78,43
67,12,317.95,38
67,22,112.31,6
67,24,210.05,23
67,2,804.05,97
70,4,587.54,31
70,21,788.22,38
70,11,864.91,3
70,2,716.27,40
70,20,685.17,74
71,4,711.65,76
71,16,375.19,17
71,17,882.64,26
71,14,152.57,75
71,1,392.35,51
71,19,737.85,25
71,12,994.01,9
71,20,189.82,94
72,2,519.47,91
72,1,50.93,67
74,18,382.45,18
74,0,79.04,44
74,9,246.21,18
76,24,891.41,54
76,9,491.31,95
76,14,249.42,25
76,18,720.64,100
76,12,268.85,38
76,2,34.76,47
76,23,26.53,58
77,4,936.76,69
77,15,460.94,81
77,24,611.99,57
77,1,216.28,60
77,20,400.51,17
78,12,198.99,8
78,4,639.94,90
78,5,228.95,51
78,15,41.56,28
78,1,631.40,41
78,9,909.21,22
78,17,713.34,42
78,21,466.48,48
80,7,782.38,98
80,2,231.67,95
80,14,186.19,47
80,0,78.12,22
80,13,928.60,40
80,3,211.01,15
80,6,844.14,53
80,16,366.60,40
80,1,778.79,100
81,24,659.77,16
81,0,939.84,31
81,19,728.69,83
81,23,151.92,45
81,7,91.75,79
81,20,720.55,89
81,8,81.37,86
82,18,46.63,26
82,10,268.04,26
82,16,324.20,84
82,2,661.60,84
82,19,508.41,88
82,13,616.99,100
82,1,970.51,55
82,3,269.64,85
82,21,313.62,71
83,15,506.73,29
83,20,31.27,39
83,4,643.32,66
83,0,248.73,80
83,24,412.13,40
84,24,772.64,72
84,6,300.09,54
89,3,532.96,37
89,20,282.77,41
89,1,976.98,81
89,22,979.13,83
89,0,231.59,3
89,5,142.18,61
89,18,693.08,59
89,8,696.21,6
90,20,365.77,76
90,6,482.46,79
90,7,245.88,84
91,5,737.49,90
91,20,289.27,73
91,3,583.41,86
91,6,678.11,92
91,1,391.20,98
91,11,198.10,27
92,18,2.10,64
92,21,398.93,63
92,17,453.68,39
92,12,895.13,96
92,10,470.30,83
92,7,139.36,38
92,1,410.52,7
94,11,225.12,31
94,7,723.41,77
94,5,556.53,85
98,1,221.48,97
98,23,313.94,20
98,11,485.14,47
98,6,138.96,91
98,21,1.19,63
98,13,358.15,25
100,20,796.72,77
100,8,623.33,75
100,19,67.25,84
100,14,834.67,5
100,23,820.52,64
100,12,238.56,15
100,3,290.25,22
100,22,932.07,74
100,16,271.73,37
102,9,471.36,68
102,24,237.55,67
102,4,818.69,90
102,14,530.98,37
102,6,333.29,23
102,18,252.72,23
102,19,917.51,35
103,9,713.55,27
103,10,174.74,8
103,3,41.56,66
103,11,492.20,78
103,6,529.54,89
103,1,51.53,4
103,18,980.29,43
103,14,291.51,97
103,8,736.48,67
104,19,588.50,95
104,23,328.63,96
104,14,687.57,45
104,6,58.30,51
104,21,783.35,92
104,4,144.93,52
104,24,884.08,35
104,11,736.56,93
106,13,99.99,57
106,5,476.02,89
106,21,305.14,65
106,1,73.01,34
106,0,560.68,83
106,24,661.00,96
106,10,131.27,80
106,6,202.81,26
107,21,737.34,36
107,19,299.79,55
107,24,217.33,65
107,15,38.82,99
107,2,990.97,44
107,8,796.09,35
108,12,703.62,29
108,6,774.95,66
108,16,428.00,23
109,16,457.07,14
109,14,800.88,51
109,6,742.48,0
109,19,866.94,27
109,2,838.49,9
112,11,963.54,35
112,15,170.27,73
113,6,684.89,56
113,12,811.49,82
113,2,227.83,83
113,17,624.40,88
113,22,26.77,14
113,0,14.84,8
114,14,974.23,1
117,8,606.31,28
117,11,145.44,33
117,7,697.22,93
117,18,738.08,46
117,24,140.55,25
117,22,875.34,96
117,10,412.35,34
117,4,671.41,84
118,20,123.40,18
119,17,235.30,24
119,14,882.90,66
120,7,846.29,66
120,12,952.64,85
120,6,918.35,42
120,10,597.18,42
120,16,473.17,8
121,10,618.76,13
122,19,674.21,67
122,21,859.15,64
122,17,731.90,22
122,5,634.39,41
122,0,460.95,85
122,20,278.57,93
122,2,267.90,14
122,12,957.65,72
123,24,585.94,57
123,4,683.08,15
123,19,847.25,73
123,7,112.31,77
123,16,618.97,52
123,8,675.64,69
124,20,666.03,73
124,23,147.26,82
124,16,989.00,90
124,9,216.67,7
124,1,714.14,33
124,6,806.77,42
124,8,879.93,100
124,21,174.24,75
124,11,710.27,34
126,1,561.65,79
126,21,817.73,24
126,17,941.25,61
126,22,166.15,80
126,11,66.35,82
126,15,705.29,60
126,8,940.95,44
126,4,360.65,45
126,12,692.06,77
127,18,101.94,95
127,16,55.86,21
127,17,490.13,38
127,23,932.13,13
127,2,950.40,36
127,22,867.54,49
127,13,443.15,83
127,24,736.07,81
130,13,625.38,94
130,3,608.30,18
130,20,91.77,63
130,12,536.04,74
131,9,369.60,8
131,16,14.88,89
131,20,75.33,49
131,17,167.39,36
131,13,207.97,10
131,0,710.82,38
131,12,219.44,22
132,14,875.17,37
132,16,766.02,91
134,23,367.99,34
134,2,417.41,85
134,21,280.50,90
134,5,394.57,36
134,3,452.42,46
134,12,702.26,12
135,22,658.12,0
136,23,465.26,38
136,4,91.34,64
136,16,801.34,27
136,20,395.02,78
136,7,586.43,33
136,24,711.68,19
137,15,788.83,97
137,5,283.93,30
139,11,968.45,52
139,13,468.82,1
139,10,875.63,25
139,7,208.61,58
139,3,394.80,53
139,19,448.18,96
142,8,568.55,50
142,3,505.46,1
142,18,394.70,52
142,14,33.61,98
142,5,137.60,77
142,15,638.48,99
146,20,941.04,99
146,16,602.36,89
147,1,183.65,73
147,9,932.72,97
147,24,721.98,87
147,6,107.61,71
147,5,990.42,63
153,15,0.61,10
153,8,671.07,83
153,14,463.53,12
153,9,43.94,45
153,7,484.45,54
156,23,852.39,76
157,1,698.03,14
157,24,383.88,62
157,23,212.37,8
157,8,226.63,2
157,0,875.56,11
157,9,302.13,46
157,12,916.67,68
157,2,304.17,75
157,17,973.59,46
164,22,615.08,49
164,23,589.11,6
168,9,521.49,10
168,3,367.61,63
168,13,84.20,39
168,20,173.58,72
168,12,968.68,82
168,8,341.64,88
170,10,758.58,85
170,0,719.40,1
170,23,88.01,86
170,5,774.77,13
170,11,439.13,31
170,6,871.80,68
170,12,69.16,84
171,9,972.54,51
171,6,204.39,10
171,8,737.56,35
173,8,455.86,6
173,14,339.13,14
173,2,340.28,1
173,23,357.29,81
173,3,792.03,99
173,6,884.38,14
173,19,756.63,68
173,20,775.59,80
173,4,842.13,35
178,4,372.41,60
178,15,956.04,36
178,13,592.29,53
178,3,915.84,86
178,24,849.96,53
178,6,194.74,68
179,20,653.00,30
179,14,259.45,9
179,8,316.79,10
179,6,536.73,53
179,12,672.67,4
179,9,128.68,6
179,23,286.00,4
179,16,9.12,95
181,18,171.51,74
181,2,971.08,35
183,17,289.30,84
183,9,509.96,29
183,19,671.18,62
184,3,889.07,43
184,13,355.34,32
186,20,275.72,97
188,4,483.02,17
189,0,198.92,68
189,19,500.98,5
189,2,779.89,36
189,16,156.33,29
189,3,898.63,21
189,8,850.50,57
189,10,789.85,85
189,5,700.28,69
189,14,4.27,84
190,14,90.03,67
191,8,28.97,75
191,23,13.18,87
191,21,730.78,72
191,16,661.45,77
191,14,240.23,63
191,10,439.31,85
191,24,415.63,14
192,5,630.31,43
192,14,939.05,71
192,10,579.24,34
192,3,485.03,0
192,22,85.88,81
192,1,490.50,19
192,17,61.64,34
192,9,354.29,27
192,13,308.90,80
193,14,26.53,67
193,1,222.06,63
193,18,5.53,74
193,9,1.41,19
193,5,481.98,80
193,7,259.20,43
193,2,300.03,5
193,8,306.90,81
198,7,117.17,74
198,22,149.67,16
198,19,43.63,64
198,21,748.13,35
200,1,893.52,65
200,12,510.58,98
200,9,685.73,22
200,6,507.42,37
200,19,836.43,10
200,2,214.09,11
200,24,63.44,43
200,21,535.46,35
202,16,762.08,76
202,5,353.15,54
202,1,48.84,80
203,2,33.73,83
203,11,8.24,38
203,1,491.95,68
203,4,619.78,88
203,24,951.97,53
203,17,628.19,50
203,13,569.31,36
203,16,868.78,93
208,10,396.58,52
209,8,673.35,10
209,19,134.42,99
209,18,278.62,31
209,24,536.75,17
209,7,167.08,100
209,6,952.39,61
209,0,368.77,78
212,13,294.81,88
212,9,160.63,52
212,18,212.19,80
212,7,366.83,70
212,19,231.58,58
214,18,754.79,9
215,13,370.64,16
215,6,847.98,20
215,18,707.70,85
216,24,311.82,16
216,1,385.04,57
216,10,1.44,45
216,21,462.78,27
216,6,160.81,57
216,23,506.25,74
216,14,329.40,81
216,4,589.77,85
216,12,751.96,78
220,7,385.75,62
220,6,150.54,36
220,20,990.90,96
220,21,512.71,80
220,5,893.07,28
220,19,832.23,35
220,0,423.96,40
220,14,682.59,29
220,11,291.76,12
224,7,20.64,84
224,12,962.89,64
224,1,898.24,72
224,18,126.82,89
224,17,194.43,31
225,20,487.87,45
225,9,669.84,54
225,14,208.53,24
225,15,831.42,56
227,20,948.47,66
227,23,386.79,71
227,16,919.40,58
227,24,786.68,18
227,19,314.90,91
227,4,373.12,80
227,18,211.29,4
231,2,822.09,35
231,19,296.35,5
231,21,133.90,85
235,16,617.45,69
235,3,178.58,58
235,12,141.81,67
235,14,378.07,41
235,11,531.21,43
237,23,622.88,72
237,14,902.52,95
237,15,338.82,70
237,17,223.00,17
237,1,756.63,59
237,11,620.86,33
237,22,422.66,34
237,9,913.22,92
237,20,843.11,79
238,12,770.35,57
238,3,510.00,0
238,19,401.00,48
238,21,682.27,79
240,11,300.31,19
240,23,882.10,95
240,17,288.41,24
240,22,920.51,22
240,18,215.08,28
241,4,734.81,34
242,0,212.51,20
242,24,806.01,17
242,6,433.75,96
242,3,139.89,63
242,20,255.32,0
242,1,531.23,41
242,11,86.35,5
243,1,528.18,38
243,5,757.74,32
244,9,802.09,28
244,13,166.66,6
244,14,852.82,31
246,4,336.28,42
246,6,226.04,25
246,8,963.07,62
246,19,338.92,24
246,7,672.44,94
246,22,891.64,63
246,12,510.28,49
247,16,177.90,47
247,4,826.25,35
247,12,496.01,64
247,20,185.67,45
247,3,658.42,46
247,8,785.86,32
247,22,54.84,0
247,21,880.58,17
248,8,5.02,72
248,20,196.92,94
249,0,925.51,62
249,3,422.59,91
249,18,354.97,11
249,1,693.44,87
249,2,331.22,16
249,17,740.40,61
249,22,407.26,21
249,9,607.38,69
251,7,670.61,79
251,6,887.41,84
251,12,32.65,61
251,11,445.16,5
251,21,736.76,81
251,16,72.33,0
251,18,214.73,5
251,8,42.07,54
252,15,454.44,44
252,12,360.31,51
252,11,469.68,17
255,13,421.59,88
258,19,162.86,25
259,11,10.30,17
259,3,222.67,34
259,10,991.59,20
259,23,160.62,80
259,9,415.91,38
259,6,390.51,94
259,13,56.77,48
259,2,241.61,37
260,9,345.71,88
261,11,561.32,80
261,15,185.93,35
262,13,986.77,65
262,18,526.36,83
262,5,859.95,39
262,21,386.18,68
262,14,616.26,40
262,0,872.90,92
262,16,358.50,30
262,19,171.99,1
262,20,272.13,85
263,6,777.30,56
263,23,576.36,62
265,14,17.39,65
265,19,268.23,4
265,2,412.11,56
265,0,130.20,7
265,8,808.28,19
265,6,552.53,42
265,1,233.67,19
265,22,901.14,0
267,20,770.58,94
267,4,489.11,90
267,13,254.00,57
267,18,943.91,84
267,7,636.77,44
269,18,440.93,7
269,11,259.54,73
269,23,124.88,59
269,15,911.74,63
269,3,907.99,42
269,5,334.44,100
269,20,785.36,3
269,17,203.43,48
269,13,236.97,13
271,18,437.89,3
274,11,580.73,47
275,9,544.08,76
275,10,953.46,89
275,23,675.09,98
275,11,456.90,5
275,4,980.32,24
275,22,73.11,48
275,1,223.33,97
275,0,302.97,22
276,20,992.41,6
276,21,338.30,66
276,22,710.94,58
276,24,146.15,29
276,18,334.50,91
276,12,760.08,9
277,12,312.20,64
277,22,864.35,5
277,10,442.29,63
277,7,704.67,5
280,20,925.60,56
280,11,475.90,64
280,14,116.97,37
280,6,49.01,19
280,12,667.37,53
280,7,442.11,15
280,8,887.31,92
280,9,638.37,100
280,2,453.68,98
282,0,329.36,76
282,10,802.45,22
282,5,947.44,96
282,20,219.49,100
282,6,861.03,89
282,18,515.50,72
282,13,343.09,36
282,3,445.44,88
282,23,241.54,44
286,5,630.85,9
286,2,727.11,61
286,23,102.65,52
286,9,722.43,95
286,14,680.41,9
288,15,988.93,89
288,7,316.64,16
288,18,587.57,90
288,14,161.00,48
288,6,513.55,4
288,2,49.91,64
288,8,456.62,23
289,14,166.11,39
289,13,904.28,82
289,8,890.82,12
289,15,193.64,50
289,9,883.06,59
289,0,999.71,45
289,5,990.63,29
289,18,493.61,28
294,11,221.59,43
294,22,294.58,16
294,13,904.83,22
294,19,236.54,50
294,17,187.38,20
294,0,293.09,63
294,5,527.43,2
294,18,304.28,46
294,8,562.23,72
298,11,589.91,77
298,22,180.28,60
298,16,310.60,40
298,6,938.61,19
298,15,556.07,60
298,18,408.19,65
299,1,373.95,16
299,9,238.16,27
299,20,894.29,54
299,5,460.50,8
299,6,373.36,87
299,21,80.12,44
299,16,354.39,84
299,3,131.65,91
299,19,182.06,52
301,24,923.29,23
301,0,79.96,4
301,17,123.83,39
301,10,331.95,19
301,15,489.54,39
301,11,787.10,48
301,1,608.49,10
302,3,817.74,97
302,24,127.07,18
302,23,176.77,50
302,7,328.70,77
303,17,464.46,25
303,20,2.37,31
303,21,499.68,77
303,16,899.40,24
303,23,571.46,2
303,0,600.05,69
303,10,743.51,27
303,3,942.48,30
303,1,80.05,77
304,17,685.01,55
304,0,739.12,2
304,22,214.39,94
304,7,339.46,13
304,16,682.35,25
304,20,349.98,69
304,4,68.85,30
306,10,888.77,79
306,1,789.45,98
306,11,126.78,32
306,8,892.50,22
306,19,274.51,87
306,2,972.70,49
306,13,489.75,53
306,16,730.35,61
307,14,266.13,37
307,22,282.73,50
307,7,951.01,53
307,1,920.34,94
307,23,848.00,2
307,18,99.61,43
309,10,756.96,85
309,3,654.75,18
309,21,480.74,11
309,22,234.85,28
309,4,689.21,20
310,6,404.52,23
311,4,902.41,47
313,7,103.53,18
313,20,132.44,68
313,17,868.97,4
313,16,813.42,26
313,6,239.40,16
313,4,454.95,35
313,9,489.41,41
314,13,509.61,18
314,5,210.18,78
314,22,984.27,41
317,2,991.44,44
317,17,558.81,15
317,24,379.00,82
317,15,897.99,62
318,12,924.78,30
318,21,58.66,10
318,16,269.49,13
318,11,105.23,88
318,13,31.39,26
318,18,844.56,35
319,18,699.28,87
319,3,955.08,34
319,14,290.63,35
319,13,889.66,93
319,17,180.59,74
319,2,406.63,23
320,11,707.87,17
320,24,514.05,72
320,19,248.18,36
323,7,122.68,91
323,16,565.78,59
323,23,897.66,27
323,6,297.74,82
323,18,746.19,52
323,24,879.16,71
324,16,513.79,48
324,1,759.08,25
324,21,384.85,14
324,4,593.83,51
324,2,461.30,74
324,5,177.49,20
324,3,325.97,34
324,7,57.07,77
324,13,367.57,27
325,23,921.79,59
325,14,806.73,29
325,18,656.15,52
325,20,311.72,39
325,6,594.55,17
325,12,311.57,60
325,13,612.84,41
325,24,659.22,33
326,18,856.94,21
326,15,743.99,18
327,11,976.87,14
327,13,408.14,21
327,6,127.03,76
327,21,518.68,55
327,22,347.38,76
327,5,742.20,31
328,13,723.26,77
328,5,959.89,28
328,19,73.88,40
328,9,525.79,67
328,12,969.97,91
330,6,874.44,61
330,18,312.00,62
331,19,652.05,30
331,20,567.47,22
331,8,961.53,53
331,2,452.58,24
334,12,757.06,88
334,2,255.87,38
334,7,196.44,15
334,1,896.34,0
334,16,841.42,34
334,0,762.85,51
337,8,707.02,42
340,8,587.94,55
340,0,40.64,14
341,6,232.54,22
341,23,166.53,96
341,17,804.15,82
341,19,959.38,21
341,21,376.44,5
341,12,292.38,52
341,5,652.19,80
341,10,784.60,47
341,20,100.45,9
342,24,709.27,44
342,10,682.86,30
343,1,589.04,85
343,22,262.75,65
343,11,35.92,4
343,14,575.31,27
343,23,253.68,99
343,16,709.23,73
343,17,758.08,8
343,5,766.94,42
343,13,186.87,72
345,7,533.24,26
345,8,874.28,17
345,11,100.56,44
345,20,156.41,47
345,1,965.02,35
345,24,415.79,58
345,14,540.82,9
345,21,511.13,96
347,0,429.98,92
347,10,61.83,15
347,7,762.73,32
351,7,778.85,67
351,14,947.33,97
351,23,172.95,96
351,24,434.42,73
353,11,454.24,7
353,8,149.45,5
353,12,852.98,6
353,6,913.15,87
353,5,340.97,11
355,15,729.12,31
355,21,905.17,95
355,17,292.23,7
355,5,290.04,94
355,14,409.74,77
355,6,134.24,99
355,23,825.82,78
357,0,559.30,15
357,18,847.06,96
357,3,438.30,4
358,8,888.06,60
358,11,420.80,35
358,16,402.24,23
358,15,364.95,83
358,2,387.57,96
358,21,38.04,79
358,6,189.25,46
358,19,998.25,96
359,3,299.33,75
359,19,10.18,86
360,8,422.97,34
360,6,504.57,94
362,24,534.21,58
362,12,763.10,58
362,1,743.99,59
362,3,602.76,79
362,23,88.15,79
362,20,885.67,44
365,9,503.69,94
365,13,625.58,52
365,19,706.02,90
365,4,453.44,41
365,2,826.41,29
365,17,561.78,45
369,1,614.19,37
369,24,135.02,75
369,8,538.74,28
369,15,105.57,12
370,9,991.42,89
370,4,295.35,44
372,8,426.28,53
372,20,541.06,86
372,21,162.65,93
372,17,735.04,38
372,2,71.13,20
372,22,366.84,34
372,24,817.32,79
373,6,618.14,48
373,12,220.53,44
373,10,563.73,93
373,13,965.41,100
373,2,90.75,5
373,7,224.68,41
373,19,797.21,91
377,2,13.43,22
377,1,692.38,24
377,20,324.14,86
377,13,194.27,41
377,10,903.10,47
377,22,798.96,8
377,0,312.34,72
377,15,500.60,50
377,12,357.59,43
378,2,981.33,56
378,19,134.23,41
378,1,162.06,46
378,7,491.32,1
378,6,660.65,14
378,3,847.40,92
378,15,529.80,61
378,22,419.96,36
378,12,168.54,77
379,22,829.97,6
379,2,131.26,88
379,24,764.77,22
379,3,320.86,89
380,2,769.74,46
380,4,873.92,88
380,11,574.63,76
380,16,157.31,78
380,3,908.96,12
380,6,821.80,70
380,21,832.14,72
385,6,417.93,0
385,23,499.04,67
386,18,914.63,87
388,1,352.29,59
388,24,301.16,8
388,14,976.92,73
388,23,72.21,1
388,16,346.88,54
388,20,762.62,93
390,16,153.89,10
390,3,565.49,98
390,19,491.47,44
390,6,902.01,9
392,19,283.46,12
392,9,373.34,6
392,0,53.21,71
392,3,678.85,26
392,15,137.53,56
392,5,414.43,77
392,21,872.06,61
392,22,859.56,27
394,1,659.08,94
394,9,936.95,29
394,8,590.30,68
401,17,813.70,51
401,20,758.37,67
401,23,866.87,54
401,24,439.97,36
401,11,706.80,13
401,12,679.73,31
401,13,397.93,98
404,11,796.69,57
404,0,580.07,11
404,18,811.22,96
404,8,977.51,6
404,4,943.93,17
404,7,481.06,27
405,10,580.82,97
405,19,99.11,19
405,11,440.25,59
405,8,473.10,10
408,9,465.84,26
409,8,648.28,2
409,16,203.42,12
409,15,643.17,82
409,6,302.66,77
409,14,660.86,38
411,10,177.28,25
411,23,704.52,59
413,6,645.42,99
413,8,123.53,22
413,19,686.83,57
413,0,805.76,31
413,3,650.03,71
413,20,793.44,16
413,10,996.18,60
413,18,785.55,76
414,19,63.21,15
414,20,649.61,92
414,23,559.42,50
414,1,384.38,12
416,11,449.15,97
416,19,861.93,96
416,10,69.71,24
416,14,749.45,41
416,18,946.98,16
416,17,182.62,95
416,5,957.92,44
417,16,383.24,94
417,12,80.19,81
417,0,154.52,74
418,7,439.83,36
418,23,44.74,41
418,8,25.61,75
418,15,392.57,50
418,10,497.75,45
418,19,496.96,50
418,11,747.13,58
418,18,264.98,87
423,6,357.74,97
423,23,359.85,25
423,1,601.53,43
423,0,433.85,93
423,17,892.64,37
424,23,928.86,28
424,16,680.32,85
425,3,698.83,50
425,12,762.62,99
425,20,798.56,35
425,0,703.20,65
426,4,749.44,63
426,16,880.22,62
426,17,983.64,48
426,11,311.44,44
426,13,3.73,3
426,6,211.73,90
426,7,272.72,52
428,17,6.61,17
428,18,325.44,88
428,0,146.52,8
431,15,213.71,58
431,12,33.35,65
434,3,819.72,89
437,1,632.55,17
437,2,91.88,13
437,24,792.76,13
437,22,615.42,48
437,7,282.13,34
437,8,922.04,59
437,10,204.23,7
439,17,570.54,66
439,7,509.20,50
439,4,456.44,75
439,15,447.55,0
443,5,496.95,36
443,19,878.35,28
443,3,828.99,43
443,10,531.06,48
443,8,625.40,94
443,16,223.37,15
443,7,364.51,61
449,5,893.07,81
449,23,317.27,50
449,11,17.36,68
449,19,384.03,12
449,18,512.18,75
449,13,628.78,48
450,11,581.60,96
450,10,995.24,4
450,4,763.82,74
450,12,110.37,1
450,1,299.81,4
450,5,652.94,93
454,0,139.33,97
454,20,841.31,10
454,6,431.59,0
455,4,720.39,12
455,3,48.30,88
455,22,78.14,44
455,13,711.17,32
456,0,767.24,4
456,2,420.89,43
456,19,863.99,53
460,22,628.01,46
460,20,553.00,68
460,6,24.65,52
460,5,749.83,43
460,23,962.25,8
460,3,624.10,91
460,1,58.17,12
460,9,884.57,92
461,16,813.62,88
461,5,279.22,77
461,13,827.20,75
461,19,476.70,39
461,0,984.91,52
461,20,944.89,0
464,10,392.78,52
464,12,405.35,36
464,17,470.78,3
464,5,786.98,34
464,3,840.51,92
464,8,950.49,72
464,21,962.54,73
464,11,91.75,28
464,18,675.42,93
465,1,68.96,57
465,14,730.86,78
465,16,519.71,20
465,8,293.44,63
465,4,275.81,47
465,5,179.74,16
466,9,60.14,60
466,8,414.90,30
469,17,914.31,6
470,24,153.55,41
470,7,295.59,0
470,0,927.52,72
470,19,221.96,74
471,15,333.09,86
474,20,493.13,43
474,4,801.24,96
478,15,109.70,70
478,10,670.23,99
478,16,12.04,5
478,2,156.60,49
478,22,319.11,43
478,13,402.40,0
478,20,802.46,86
478,19,930.91,76
478,5,348.93,12
481,0,676.42,65
481,12,514.15,89
481,13,596.37,30
481,5,260.02,41
481,24,804.23,84
481,8,322.06,74
481,15,862.21,10
481,7,701.45,51
482,10,62.58,28
482,5,308.44,32
482,6,793.01,1
482,1,703.08,2
482,8,124.57,39
482,0,717.30,70
482,19,499.30,55
485,20,122.28,62
485,23,243.10,88
485,7,573.66,88
485,17,944.96,10
485,2,811.26,83
485,10,242.46,39
487,2,726.90,8
487,6,838.27,14
487,16,494.72,28
487,11,593.46,71
487,24,740.11,46
487,10,312.10,75
487,12,451.95,0
487,20,827.98,16
487,8,701.91,1
488,2,57.81,82
488,10,879.04,84
488,7,624.70,63
488,3,102.30,59
488,24,150.88,30
488,14,868.47,43
496,15,504.52,72
496,8,658.34,40
496,14,119.75,32
496,3,710.69,9
496,5,868.25,84
496,21,525.65,66
496,16,236.04,87
496,12,196.40,61
496,22,810.00,5
498,9,205.62,24
498,18,539.37,33
498,0,970.67,8
499,13,561.57,100
500,17,6.80,57
500,20,587.16,24
500,19,349.49,97
500,16,89.29,91
500,5,29.46,1
501,23,826.33,22
501,19,204.48,93
501,16,484.45,17
501,14,473.91,25
501,8,615.96,37
501,11,784.92,38
502,19,959.45,22
502,15,207.96,91
502,23,399.13,27
503,12,448.45,57
505,14,260.62,43
505,4,678.27,84
505,23,168.68,3
505,20,488.50,33
505,1,101.98,73
508,23,872.78,79
508,4,607.64,90
508,5,610.98,84
508,20,270.26,28
508,12,828.08,61
508,19,730.21,24
508,15,927.59,100
511,4,333.31,81
511,6,458.14,60
511,19,276.84,60
511,13,442.11,90
511,5,927.42,22
519,10,951.56,96
519,14,22.78,33
519,7,475.51,11
519,9,387.26,52
519,17,230.92,91
519,22,935.19,65
520,20,131.87,2
520,19,256.64,83
520,6,755.25,85
520,17,8.60,19
522,22,524.22,42
522,14,285.05,6
522,7,913.05,65
523,18,541.59,40
524,13,105.67,61
524,16,247.93,60
524,22,448.93,33
524,11,646.50,75
524,19,608.63,92
524,8,689.31,59
525,16,679.15,66
526,23,50.14,22
526,5,963.85,93
526,6,932.06,50
526,14,740.65,60
526,10,242.25,29
526,21,972.08,55
529,5,646.55,76
535,7,80.01,63
535,16,137.43,42
535,13,536.12,41
535,3,646.84,49
535,12,474.05,84
535,23,247.78,40
537,22,244.05,40
537,10,33.07,57
539,21,857.54,10
539,2,365.21,75
539,22,417.04,93
539,0,302.53,98
539,11,668.45,41
539,14,892.69,67
540,20,954.44,61
540,21,325.45,72
540,18,981.43,70
540,7,437.00,66
540,24,982.18,30
540,19,402.02,46
540,10,414.85,90
540,3,399.58,43
541,4,689.50,59
541,2,479.70,24
541,1,806.46,91
541,14,558.50,97
542,7,400.93,97
542,18,936.60,17
542,10,842.99,88
542,11,178.56,65
542,9,856.09,43
543,13,289.32,97
543,21,857.69,9
548,17,626.88,30
548,24,557.95,18
548,14,833.79,98
548,4,283.21,85
548,20,907.35,50
549,14,501.85,40
549,19,963.11,8
552,17,586.23,22
553,24,299.01,95
554,19,71.39,61
554,18,807.07,72
554,9,875.35,65
554,2,239.19,19
554,13,515.26,47
556,11,736.70,43
556,1,123.17,8
556,8,222.59,67
556,15,878.06,38
556,13,639.56,45
556,2,841.31,92
556,12,628.87,40
556,0,995.04,24
557,8,23.51,36
557,14,230.56,4
557,23,90.23,62
557,4,426.73,92
557,1,874.38,43
558,20,987.16,97
558,2,32.32,13
558,8,635.82,17
558,12,542.18,33
558,22,416.67,9
558,6,794.99,25
563,1,701.54,54
563,3,601.77,94
563,14,761.05,15
563,18,411.40,93
564,0,756.39,95
568,9,459.94,28
568,5,116.47,57
568,4,967.83,91
568,15,761.78,49
568,8,691.17,99
576,8,957.75,64
576,0,785.33,90
576,23,327.14,23
576,6,936.12,80
576,18,938.07,89
578,24,380.32,50
581,16,826.67,57
581,11,529.49,100
581,1,490.60,93
581,22,276.05,21
582,13,977.09,84
582,9,226.76,69
582,1,895.27,13
582,21,722.07,98
583,3,89.21,1
583,16,515.42,22
583,4,471.40,80
583,10,392.32,58
583,8,517.12,3
584,22,428.98,96
584,17,340.49,34
584,5,931.38,29
584,16,918.77,52
584,23,9.98,82
584,4,14.05,30
584,18,85.23,11
584,12,525.45,84
584,1,170.84,50
586,13,674.39,98
586,21,52.18,78
586,7,828.10,11
586,19,703.20,11
586,22,677.70,29
587,14,894.53,94
587,21,932.12,41
587,24,49.87,63
587,2,125.57,5
590,24,973.58,99
590,19,82.71,45
590,5,884.86,72
590,8,619.58,9
590,6,468.66,30
590,1,797.95,84
590,16,669.55,62
590,2,125.26,17
591,0,787.79,61
591,20,209.55,19
591,15,437.08,45
591,1,734.41,26
591,8,477.41,51
591,12,157.95,93
591,5,977.17,9
592,2,961.45,82
592,24,769.85,5
592,22,930.67,94
592,23,754.68,35
592,16,425.47,85
592,5,564.66,10
592,9,168.24,11
592,14,928.39,81
593,9,764.48,48
593,3,385.23,3
593,12,272.55,99
593,18,180.41,82
593,5,309.96,76
594,0,384.67,42
594,21,855.91,13
594,16,105.45,41
594,23,157.12,63
597,16,592.54,52
597,13,994.04,57
599,5,416.30,59
599,14,823.82,25
599,11,737.06,35
599,13,69.78,77
599,22,61.79,81
599,3,65.59,77
603,5,12.73,5
603,7,815.04,80
603,18,109.73,46
603,3,627.49,53
605,2,257.22,79
605,5,888.25,54
605,21,92.48,80
605,19,831.74,0
605,9,830.32,86
605,11,893.84,84
605,17,299.75,86
605,15,193.96,82
607,0,700.60,64
607,6,788.64,92
607,3,240.03,30
607,18,982.24,12
607,17,615.43,42
607,9,279.57,59
608,8,374.44,96
608,13,73.63,44
608,19,484.88,5
610,18,527.51,61
610,7,676.66,12
610,24,865.07,48
610,3,453.31,80
610,8,438.14,91
610,19,370.25,81
612,23,740.67,33
612,5,941.15,64
612,22,715.47,71
612,10,767.56,71
612,13,640.76,9
612,9,304.49,2
612,0,158.89,14
613,18,501.69,11
613,2,507.31,52
618,12,175.34,76
618,23,15.67,50
618,14,756.31,52
619,9,390.79,51
619,20,899.92,63
619,1,24.97,57
619,21,812.10,50
620,22,784.87,72
620,14,142.11,27
626,24,916.57,59
626,0,777.84,8
626,7,840.01,60
626,20,259.50,71
627,0,380.02,65
627,15,315.43,52
627,9,598.61,29
627,12,922.09,72
629,24,699.33,4
629,7,789.59,2
629,4,726.94,31
629,2,891.73,43
629,6,962.76,1
629,18,410.87,16
629,9,247.41,14
629,8,43.25,37
630,24,423.28,93
630,17,460.22,34
630,19,972.35,20
630,3,155.26,2
632,9,356.33,22
632,21,102.12,44
633,18,321.77,44
633,17,673.05,71
633,21,781.33,70
633,2,688.74,14
633,3,212.71,55
633,13,885.87,17
633,16,482.54,54
633,14,291.22,86
634,7,188.25,84
634,2,593.21,38
634,20,112.24,76
637,13,483.00,95
637,6,118.92,35
637,3,474.45,7
637,17,593.52,44
637,9,337.25,46
644,24,771.57,35
644,12,934.67,20
645,18,417.14,64
645,16,652.30,99
645,2,894.75,14
646,0,53.72,97
646,11,705.51,17
646,10,607.10,85
646,8,928.73,36
646,22,730.10,49
646,14,386.04,6
647,5,78.62,80
647,23,709.91,65
647,20,459.82,77
647,17,283.14,25
647,11,259.02,70
649,21,56.09,53
649,4,423.85,48
650,2,663.32,33
650,6,359.27,38
650,20,464.31,16
656,5,697.91,37
656,0,347.42,23
656,19,200.41,16
656,17,896.58,97
656,24,92.32,43
656,13,775.71,0
656,1,804.95,32
660,14,892.88,60
660,8,971.95,55
660,0,421.76,28
660,22,139.60,54
660,15,521.16,65
660,21,977.37,45
661,18,532.97,69
661,23,989.24,93
661,19,580.16,57
661,8,706.56,33
664,11,364.77,12
664,17,230.19,85
664,15,858.56,78
664,13,583.28,68
666,1,54.95,57
666,22,846.21,37
666,13,851.97,38
666,11,894.06,92
666,21,978.07,87
666,0,614.05,49
668,7,497.21,32
668,16,911.14,33
668,19,769.37,73
669,10,156.52,46
669,23,246.21,75
669,12,478.38,33
669,20,827.70,26
669,2,774.96,46
669,1,888.51,37
670,0,815.90,94
670,18,810.89,36
670,3,6.14,76
670,23,844.22,33
671,18,824.27,43
671,10,966.09,38
671,8,621.08,32
671,0,578.20,96
671,12,911.98,11
671,19,68.65,37
671,5,497.50,58
671,6,887.67,54
672,17,791.33,6
672,2,118.12,46
673,10,987.76,95
673,13,872.50,59
675,13,973.36,48
675,1,591.15,34
675,14,54.36,90
675,8,1000.87,30
675,5,22.57,3
675,17,920.22,100
675,0,104.54,53
675,15,48.75,24
676,2,333.95,80
676,1,471.39,94
676,23,185.94,27
676,15,147.02,60
676,9,242.63,17
677,15,550.30,40
677,9,12.73,42
677,22,776.39,83
677,2,72.92,29
677,7,49.73,65
677,4,876.96,69
677,8,634.32,100
678,8,569.14,99
678,1,204.96,91
678,19,433.81,24
678,17,158.21,81
680,20,632.59,78
680,19,506.25,29
680,22,36.87,51
680,15,358.53,29
680,1,298.47,79
680,18,175.37,14
680,3,707.58,45
680,9,643.38,89
681,15,644.46,66
681,6,54.40,60
681,11,905.07,38
681,20,711.49,1
681,7,336.42,53
681,10,695.83,64
681,3,39.55,78
682,9,374.60,60
682,8,141.83,83
682,0,756.19,32
682,23,370.82,1
682,6,37.59,16
682,19,705.30,84
686,18,240.97,84
686,2,941.38,80
686,15,536.46,6
686,6,643.88,34
686,13,316.09,93
686,24,550.90,26
687,23,605.45,93
687,5,98.10,56
689,21,696.83,19
689,23,189.68,47
689,3,604.90,19
690,23,615.96,83
690,7,304.79,86
690,6,51.49,88
690,19,113.81,99
690,11,388.18,12
690,10,716.60,12
691,20,374.25,97
692,20,562.24,81
692,19,173.24,7
692,18,890.29,43
692,9,238.75,63
692,2,311.36,47
692,12,28.26,92
692,8,46.72,7
692,21,54.36,24
694,10,677.34,40
694,21,899.77,25
695,4,991.75,27
695,24,768.20,78
695,21,193.39,92
695,11,661.06,90
695,15,831.42,61
695,20,129.86,82
695,23,160.84,46
695,16,131.01,12
695,0,853.34,12
696,1,424.56,75
696,9,150.12,49
696,18,123.40,38
696,0,729.11,82
696,14,771.00,57
699,18,822.18,12
699,3,998.01,23
699,7,196.26,35
706,18,425.55,41
706,14,798.65,58
706,10,473.60,55
706,21,19.89,93
706,3,997.93,24
706,5,624.00,94
706,9,124.09,17
706,19,817.20,54
706,12,149.85,75
707,1,924.55,12
707,4,500.82,30
707,19,623.00,5
707,2,187.71,64
707,12,930.05,8
707,8,149.87,16
708,22,336.42,5
708,7,297.25,69
708,1,620.72,95
709,21,262.52,82
709,13,344.36,32
710,20,571.56,95
710,5,401.98,94
710,11,255.59,3
710,4,725.08,65
711,3,216.63,5
711,19,534.79,14
711,15,667.54,69
717,8,140.33,38
717,10,338.26,67
717,2,656.45,40
717,1,51.41,60
717,12,759.67,72
717,0,449.21,69
717,14,882.87,69
717,3,948.24,11
721,20,956.42,85
721,10,743.07,98
721,14,762.00,96
721,2,967.07,89
721,7,943.24,46
722,12,994.11,26
722,1,639.92,81
722,4,311.51,35
722,5,345.01,25
722,20,709.30,5
722,23,33.99,6
722,2,312.12,64
722,24,724.95,82
726,9,125.38,76
726,3,749.57,91
726,20,889.45,10
727,4,712.79,93
727,9,561.14,55
727,14,332.63,57
727,7,628.57,80
727,13,942.76,27
727,20,244.72,15
727,2,375.13,34
727,8,396.48,10
733,22,493.31,42
733,0,365.97,52
733,6,421.36,83
733,19,615.84,27
733,12,792.60,32
733,21,25.35,17
733,3,151.09,44
735,9,926.61,85
735,1,431.93,7
735,6,770.44,78
735,10,643.40,42
735,19,449.72,89
735,17,797.23,2
735,22,303.78,73
735,23,652.11,63
739,13,469.91,51
739,22,788.55,51
739,16,102.81,19
739,11,587.88,8
739,20,166.60,49
739,21,960.44,29
739,7,591.23,83
739,3,244.39,8
739,12,460.22,18
740,18,570.21,86
740,12,4.29,87
740,23,967.76,44
741,23,495.95,75
741,13,305.69,75
741,19,858.98,51
741,12,200.41,100
741,2,896.61,19
742,8,647.50,72
742,11,483.43,75
742,17,770.15,84
742,13,985.04,18
742,19,381.39,69
742,23,730.67,19
742,14,689.50,40
744,22,923.62,80
745,20,159.11,15
745,21,185.59,4
745,19,150.38,5
745,1,563.94,11
745,13,754.92,58
746,13,494.36,82
746,4,427.33,33
746,16,108.10,53
746,23,684.19,51
746,7,705.37,13
746,20,49.25,62
746,1,324.30,99
748,17,332.28,14
748,9,542.62,96
748,14,735.31,98
749,5,237.90,19
750,10,267.16,12
750,3,237.32,89
750,0,890.68,31
750,19,580.27,89
750,9,779.91,1
751,1,391.31,57
751,0,864.50,30
751,5,203.54,44
753,4,943.83,69
753,18,224.58,15
753,6,502.48,79
753,19,252.86,4
753,0,110.07,93
753,10,302.42,57
754,16,108.32,58
754,20,567.65,42
754,17,504.79,74
754,11,713.58,35
754,6,845.45,19
754,4,172.66,93
754,10,769.77,96
754,18,679.56,70
758,5,69.52,98
762,18,595.22,56
762,9,916.51,1
762,6,240.02,3
762,16,204.69,50
762,3,875.61,55
762,23,793.20,60
762,11,38.45,13
766,3,592.59,79
766,24,955.34,62
766,22,132.76,14
766,7,245.69,40
766,9,518.45,83
766,18,47.54,27
766,1,385.37,8
770,15,831.70,83
770,11,609.90,23
770,3,113.65,31
771,0,466.81,78
771,16,888.97,23
771,20,515.22,57
771,5,503.62,42
771,2,388.73,19
771,10,884.56,34
771,19,517.68,32
771,4,729.07,6
772,0,924.40,83
772,1,650.02,50
772,2,402.64,64
772,14,702.75,25
772,24,550.74,51
772,11,104.56,73
772,5,700.50,97
772,15,566.89,28
773,5,508.24,55
773,19,699.70,10
773,9,18.49,82
773,7,57.98,73
773,0,1.70,24
773,13,243.53,10
773,24,266.82,57
775,14,522.87,35
775,6,367.40,57
775,3,854.58,93
775,0,961.42,1
775,17,670.33,77
775,18,332.52,72
775,13,533.79,61
775,5,124.81,1
776,24,780.25,69
776,11,888.50,63
776,14,16.63,54
776,20,149.37,96
776,19,219.69,65
776,4,167.41,41
776,18,685.92,45
776,9,154.86,24
776,17,763.84,57
778,2,659.95,48
778,17,33.08,98
778,24,424.12,26
778,9,430.62,12
778,5,697.51,54
778,10,573.58,29
778,19,901.89,92
780,15,97.31,54
780,19,357.14,84
780,22,312.10,29
780,20,475.26,65
780,21,4.42,11
780,14,428.35,78
780,23,583.71,85
781,3,615.51,62
781,23,367.87,22
781,20,354.68,9
781,22,452.41,57
781,5,806.00,90
783,18,887.33,51
783,13,507.27,23
783,16,175.67,54
783,15,556.57,55
791,13,618.21,46
791,4,707.84,19
791,23,204.90,57
791,2,7.30,94
791,1,467.38,80
792,11,749.91,84
792,2,11.86,81
793,11,479.73,97
794,4,64.11,34
794,24,771.97,90
794,7,576.41,20
794,1,615.56,7
794,11,218.16,7
794,3,441.59,15
794,13,712.20,2
794,9,129.02,74
796,5,676.33,7
796,16,391.17,12
796,18,359.17,45
796,12,219.18,17
796,0,632.72,34
796,8,47.08,50
798,1,162.24,7
798,20,617.87,29
798,24,33.66,100
798,19,31.41,30
798,3,527.70,21
798,13,234.37,43
798,4,432.42,25
798,9,278.83,35
799,9,313.71,71
799,24,680.29,84
799,11,399.85,5
799,6,468.51,13
799,1,917.91,57
799,0,260.48,82
799,13,80.67,50
800,13,815.13,29
800,12,946.45,36
800,2,834.70,1
800,19,618.25,47
800,18,670.00,28
800,14,372.41,44
805,15,448.41,45
805,24,526.87,80
806,13,676.70,85
806,11,917.50,86
806,10,111.87,59
806,3,316.50,47
806,17,722.20,26
806,12,847.05,100
806,18,379.77,46
806,15,104.11,32
807,12,966.32,81
807,13,212.40,9
807,4,942.87,29
807,9,679.83,42
807,1,859.68,26
807,24,821.37,77
807,19,521.78,86
809,10,841.51,24
809,1,834.91,83
809,4,506.32,93
809,22,780.92,75
809,18,706.03,19
809,23,979.10,63
809,13,844.38,73
809,21,69.74,51
809,17,64.18,80
810,0,418.82,40
810,11,120.55,3
810,13,542.40,7
810,9,304.99,40
811,12,589.01,99
811,23,119.21,97
811,15,107.81,34
812,15,300.10,97
812,23,95.61,73
814,9,505.66,80
814,21,209.90,89
815,21,920.81,84
816,24,700.23,52
816,2,917.78,5
816,23,907.71,29
816,22,888.08,68
816,13,633.28,97
822,22,612.58,53
822,14,120.39,76
822,20,383.40,38
822,1,753.53,76
822,15,626.15,33
825,13,207.51,12
825,12,519.85,5
825,9,474.89,99
825,17,834.67,24
825,24,80.35,17
826,8,619.87,63
826,22,137.68,15
826,1,161.96,61
830,9,131.88,22
830,0,950.66,93
830,14,228.68,41
830,10,205.64,12
830,23,533.83,74
833,21,982.11,71
833,19,930.27,13
834,12,183.23,17
834,13,768.58,42
834,24,506.24,31
834,10,135.75,65
834,21,750.97,91
834,20,561.63,40
834,15,645.15,59
835,0,765.25,95
835,22,268.24,27
835,3,32.84,59
835,20,507.96,51
835,11,604.99,97
836,17,433.14,23
836,5,262.01,94
840,1,749.98,36
842,24,709.00,53
842,10,89.99,67
842,2,706.20,82
842,11,502.35,38
842,1,877.78,88
844,23,986.27,89
844,14,434.29,30
844,15,421.83,96
844,24,38.68,99
844,9,319.73,27
844,11,520.06,51
845,5,226.68,1
845,2,918.02,15
845,3,38.81,15
845,21,705.77,25
847,14,788.90,70
847,9,447.44,82
847,5,97.40,10
847,0,220.23,56
847,10,694.50,95
847,20,439.58,11
847,6,318.30,20
847,18,578.80,51
847,15,417.52,72
851,15,167.89,11
851,17,494.77,23
851,3,590.84,79
852,7,866.54,34
852,4,274.89,67
852,12,326.33,42
852,0,653.20,47
853,21,575.66,84
853,2,926.41,4
853,4,106.44,21
853,1,256.13,55
853,17,1000.02,75
853,11,488.54,99
853,6,711.84,56
853,8,587.73,47
854,9,595.90,3
854,7,89.04,35
854,6,705.48,93
856,18,731.38,88
856,12,745.82,53
856,2,902.69,70
856,5,691.62,11
861,13,518.11,3
861,15,288.89,64
861,10,990.70,62
861,14,328.05,10
861,11,412.03,99
861,0,487.06,91
861,3,462.59,56
861,2,266.75,96
862,16,831.45,67
862,19,309.89,12
862,8,178.64,31
862,13,186.82,75
862,5,739.66,63
862,17,885.11,43
862,0,622.03,38
862,24,238.75,92
864,3,194.35,30
864,2,46.51,47
864,0,393.37,17
864,23,844.46,62
864,8,690.18,16
864,1,63.92,14
864,5,630.28,35
864,7,527.58,15
864,11,284.27,10
867,16,516.15,1
867,19,961.95,68
867,11,717.96,70
869,22,897.49,92
869,4,665.61,44
869,9,426.21,44
869,16,147.38,0
869,0,109.52,0
869,10,830.62,23
870,15,890.73,22
870,16,382.21,28
870,5,520.60,36
870,19,924.39,44
870,10,987.14,70
870,4,817.79,74
870,20,497.82,32
872,7,126.15,12
872,5,681.74,97
872,9,721.00,13
872,2,750.15,6
872,19,400.02,81
873,14,295.19,45
873,1,257.72,33
873,20,244.22,15
873,18,16.04,79
874,10,474.37,12
874,5,569.47,6
874,12,708.18,13
874,8,938.03,56
874,19,429.91,89
874,4,860.82,19
875,12,749.86,3
875,17,513.06,59
875,6,380.05,33
875,5,695.84,64
875,2,420.88,87
875,15,147.89,5
875,20,954.88,54
876,6,932.21,7
876,7,529.49,32
876,3,931.35,52
876,2,115.10,84
880,9,621.74,91
880,18,667.38,7
880,7,239.54,11
880,11,15.65,0
880,21,908.04,41
880,2,78.25,60
880,0,113.51,90
880,14,375.28,18
881,13,702.77,13
881,3,979.70,81
882,13,690.02,81
882,0,819.94,74
882,9,606.22,56
882,12,841.80,47
882,23,610.10,39
885,9,834.19,26
885,24,154.58,69
885,23,838.73,19
885,1,397.15,99
885,4,880.31,52
885,6,75.15,93
885,20,618.51,34
885,10,15.65,85
885,2,190.03,46
886,9,63.01,51
886,22,262.76,7
886,24,477.55,27
886,16,482.40,2
886,2,166.88,44
886,4,341.24,19
887,1,614.76,17
887,24,133.95,71
887,2,749.72,47
887,0,478.78,57
887,11,755.31,48
887,22,199.25,42
887,13,641.57,55
887,19,217.07,65
887,4,868.24,42
888,12,916.74,7
888,9,254.62,18
888,6,742.24,0
888,23,947.50,26
888,18,903.94,13
888,8,702.76,99
890,7,1.51,2
890,14,194.83,27
891,13,401.55,53
891,5,966.83,0
891,22,443.20,7
891,23,923.54,12
891,18,294.64,69
891,6,758.86,47
891,8,223.58,48
891,11,274.09,7
893,11,915.50,92
893,0,741.42,72
894,1,774.20,5
894,10,945.78,70
894,14,180.59,89
894,22,597.09,88
894,8,959.03,83
894,21,516.20,69
894,23,452.49,50
894,0,442.92,74
895,23,578.07,90
895,14,209.99,89
895,10,904.77,8
895,19,52.37,2
895,1,910.51,74
895,2,942.63,40
897,24,855.96,3
897,13,917.90,29
897,5,981.74,13
897,22,774.60,88
897,16,225.11,92
897,18,229.94,64
902,21,582.74,52
902,12,956.25,35
903,14,981.44,43
903,20,649.40,61
903,4,356.49,41
903,12,297.43,59
903,7,735.04,54
903,3,365.05,97
903,15,919.20,43
907,18,164.25,79
911,11,500.11,84
911,15,288.42,45
912,3,412.56,78
912,16,17.30,38
912,9,214.34,14
912,11,696.41,95
912,1,795.57,27
912,24,10.88,46
913,24,788.81,87
913,15,800.35,90
913,18,836.62,59
916,10,202.05,67
916,12,820.45,37
919,3,682.43,62
919,12,843.00,19
919,17,173.91,53
920,19,926.89,68
920,13,828.70,60
920,1,561.76,3
920,4,48.64,13
923,4,837.55,10
923,3,406.77,34
923,11,208.71,98
923,21,28.47,72
923,20,519.83,45
923,24,121.63,64
923,17,751.82,87
923,10,496.17,49
923,2,242.01,8
925,24,306.78,12
925,14,612.56,46
925,21,704.84,23
925,0,141.15,57
925,15,550.48,8
925,7,265.60,55
925,6,926.53,42
927,5,648.94,30
927,20,933.57,93
928,18,479.71,1
928,9,780.31,78
928,12,844.62,89
928,13,673.96,32
928,8,850.81,96
928,11,726.73,52
928,6,257.48,83
929,16,104.54,38
929,8,400.88,98
929,11,908.58,70
932,20,717.61,33
932,9,810.06,29
933,12,217.01,54
933,4,43.84,11
933,9,966.82,85
933,18,510.78,42
933,23,718.39,70
933,20,42.38,86
937,16,322.11,69
937,10,27.76,22
940,1,38.73,24
940,21,1.23,87
940,17,904.08,26
940,16,498.43,49
941,11,767.11,65
941,15,859.33,94
941,22,331.78,12
941,8,231.99,52
941,6,513.42,2
942,2,796.85,62
942,13,911.82,38
942,1,836.17,37
942,23,779.49,98
942,22,530.34,68
942,11,931.09,68
942,8,845.48,58
942,12,181.13,57
942,14,320.46,40
946,0,633.25,73
946,6,801.06,25
946,14,275.61,6
946,5,881.15,39
946,8,972.39,97
949,18,639.28,12
949,24,410.15,50
949,14,191.95,25
949,7,56.22,76
949,0,474.13,25
951,24,727.47,3
951,4,79.46,84
951,3,54.54,12
951,13,341.20,51
951,19,194.49,24
953,14,786.13,56
953,23,810.37,26
954,10,782.62,9
954,19,939.48,88
954,0,718.46,76
954,15,334.72,8
956,3,905.47,62
956,4,584.74,51
956,21,376.55,37
956,15,256.01,0
956,23,182.26,16
956,17,20.59,95
956,11,84.63,24
956,16,443.02,27
957,4,887.67,15
957,23,1000.76,77
959,24,282.86,44
959,0,827.60,94
959,10,367.83,25
959,2,820.55,74
959,14,203.17,52
959,9,465.68,43
959,18,748.06,66
961,22,130.33,6
961,7,782.77,18
961,6,869.54,50
961,18,370.33,90
961,5,213.50,84
961,10,147.12,84
961,8,250.33,12
961,17,515.96,97
961,12,963.74,24
962,20,601.98,9
962,19,334.08,71
962,13,130.96,60
962,8,791.34,39
962,11,842.57,31
962,21,0.86,18
963,24,882.40,39
963,15,773.32,41
963,9,660.87,6
963,3,310.09,58
963,7,667.27,44
963,16,370.35,57
965,18,620.44,90
965,3,942.95,62
965,8,966.63,40
965,20,298.35,1
965,22,93.19,51
965,4,982.41,97
965,6,678.85,75
969,4,601.33,33
969,9,213.28,37
969,11,213.20,96
969,16,982.13,79
969,10,967.32,77
971,21,91.76,17
971,2,107.43,0
972,11,68.62,40
972,3,689.60,33
972,2,519.21,84
972,24,682.80,48
972,14,759.04,61
976,7,312.22,34
976,3,389.44,0
976,2,527.22,96
976,20,203.81,10
976,14,700.47,9
978,14,887.82,41
978,9,874.51,7
979,3,17.41,81
979,8,525.14,96
979,16,1000.27,87
979,19,431.00,27
979,14,806.17,18
981,23,62.79,6
981,14,732.47,54
981,17,321.33,39
981,3,67.10,36
981,10,831.13,0
981,22,521.39,21
981,5,812.06,35
981,9,32.64,7
981,20,683.79,64
982,19,348.72,25
985,17,751.48,42
986,21,365.33,4
986,15,678.22,73
986,3,44.11,97
986,4,643.95,49
986,23,971.11,6
989,3,118.33,26
989,7,609.46,58
989,15,716.02,92
989,22,819.04,45
989,10,587.60,74
989,23,579.01,67
989,1,588.17,25
993,18,544.52,4
993,17,468.49,37
993,6,892.18,77
993,7,884.65,88
993,13,734.69,3
993,19,415.47,57
993,4,251.95,56
993,23,319.75,86
994,11,455.48,8
994,12,402.22,63
994,14,801.86,73
994,0,209.71,17
994,6,924.78,32
994,13,901.96,46
995,7,500.86,11
995,19,171.49,56
995,8,599.91,13
995,23,44.55,68
995,0,919.94,74
995,18,306.16,68
995,22,820.78,68
996,15,586.88,39
996,21,119.24,39
996,3,891.39,30
996,6,762.78,55
996,2,269.30,33
997,11,400.10,10
998,7,361.96,98
998,5,766.02,70
998,6,183.68,37
998,9,952.90,86
998,12,257.98,42
999,15,594.70,27
999,8,441.33,66
999,14,749.96,69
999,20,330.31,1
999,1,230.74,88
999,0,784.31,10
999,19,419.94,49
1003,1,550.60,99
1004,12,593.51,51
1004,2,23.34,84
1004,20,126.28,16
1004,5,199.79,18
1004,15,575.41,81
1004,10,452.80,44
1004,14,697.43,33
1004,11,705.30,16
1004,21,925.14,71
1005,23,786.65,27
1005,14,403.01,82
1005,11,512.65,24
1005,17,530.06,73
1007,11,154.67,80
1007,2,931.60,68
1007,6,255.84,39
1007,17,633.76,5
1007,13,457.66,14
1007,24,222.41,61
1008,3,425.48,50
1008,4,851.41,31
1008,23,457.12,85
1008,13,522.66,26
1008,18,61.20,80
1010,11,812.34,65
1022,2,101.46,66
1022,10,945.62,7
1022,7,131.68,84
1022,5,463.23,39
1022,1,453.00,18
1022,24,250.62,84
1022,22,782.91,91
1024,15,152.21,9
1024,1,437.39,53
1024,20,855.04,70
1024,8,922.94,44
1024,18,459.95,4
1024,5,447.30,11
1024,16,35.94,68
1024,7,821.02,56
1025,11,775.75,54
1025,3,722.80,26
1025,10,640.89,48
1025,8,63.81,52
1025,6,386.87,0
1025,7,111.94,27
1025,0,665.22,92
1025,9,248.93,24
1025,13,691.71,47
1026,20,111.62,6
1026,18,801.90,37
1029,7,999.39,36
1029,5,651.55,78
1029,18,607.37,94
1029,4,482.93,13
1029,17,74.02,77
1029,10,487.14,5
1029,23,293.15,28
1032,23,634.52,33
1032,2,246.76,92
1032,6,311.23,21
1032,20,249.96,36
1032,13,5.96,13
1033,6,698.14,86
1033,15,271.20,8
1033,9,341.80,25
1034,23,87.49,61
1034,9,272.27,99
1034,18,71.72,27
1035,0,253.55,97
1035,12,596.73,79
1035,18,590.26,4
1035,11,179.95,79
1035,22,807.15,59
1035,21,613.58,88
1035,8,952.22,94
1035,6,617.70,64
1035,1,307.15,97
1039,5,468.65,43
1039,12,380.25,97
1041,13,281.77,30
1043,15,258.44,14
1043,8,117.15,22
1043,4,261.04,66
1043,14,455.03,25
1043,19,10.54,39
1044,12,989.49,85
1044,1,396.74,16
1044,22,913.79,45
1044,7,380.88,77
1044,21,871.39,38
1044,24,353.89,69
1044,17,292.07,31
1044,11,284.75,53
1044,23,350.77,63
1047,18,233.86,16
1047,16,612.08,21
1047,22,675.35,21
1047,5,987.48,31
1047,12,511.98,7
1047,4,492.37,10
1048,24,639.55,62
1048,10,890.54,75
1048,6,380.24,50
1048,23,146.80,11
1048,7,198.53,90
1048,16,605.56,68
1048,2,105.69,45
1048,9,632.44,83
1048,11,919.67,90
1049,14,489.40,34
1049,8,818.81,69
1049,10,496.62,77
1050,15,513.46,35
1050,8,735.13,83
1050,2,798.35,11
1052,13,30.87,48
1052,16,486.58,59
1052,7,973.17,5
1052,6,705.74,63
1053,0,487.96,26
1053,10,565.18,93
1053,17,416.06,56
1053,2,98.60,1
1053,21,792.00,71
1055,3,575.08,39
1056,8,459.66,0
1056,6,433.99,69
1056,21,124.51,53
1056,13,832.58,95
1056,20,276.43,33
1056,2,111.38,75
1056,14,854.34,94
1058,20,915.89,56
1059,4,389.15,34
1059,8,630.60,34
1059,7,507.26,18
1059,2,975.25,51
1059,0,353.97,33
1059,18,757.11,42
1059,12,423.43,84
1060,24,103.48,7
1060,3,459.61,74
1060,23,56.23,9
1063,7,784.20,22
1063,13,680.58,49
1063,24,683.97,92
1063,2,347.47,31
1063,0,541.73,50
1063,14,46.91,64
1063,8,395.43,74
1063,17,474.94,97
1064,13,249.97,38
1064,1,291.28,71
1064,21,994.90,53
1064,23,587.18,23
1064,16,838.63,73
1064,4,439.71,32
1064,15,570.61,1
1064,17,363.22,94
1064,0,571.80,72
1065,15,437.81,86
1065,23,888.23,19
1065,4,299.68,75
1065,11,962.77,18
1065,18,662.55,54
1067,16,157.57,89
1067,23,437.24,56
1067,18,156.45,19
1069,20,366.09,31
1069,11,631.45,100
1069,15,573.66,23
1071,19,834.65,69
1071,8,469.58,43
1076,13,885.22,9
1076,21,838.74,99
1076,23,720.67,86
1076,3,356.18,72
1076,14,277.82,76
1076,11,437.27,87
1076,15,464.98,77
1076,0,165.44,31
1078,18,627.61,38
1078,3,924.02,91
1078,20,647.81,3
1078,8,597.87,91
1078,13,514.20,14
1078,9,522.04,7
1078,0,455.46,38
1078,10,301.39,84
1081,2,754.74,100
1081,23,478.82,16
1081,15,358.44,90
1081,11,825.51,26
1081,4,253.30,68
1081,7,103.21,91
1081,12,616.73,29
1081,9,792.55,35
1081,19,943.39,19
1082,14,958.19,49
1082,4,376.79,77
1082,16,445.13,31
1085,24,343.56,96
1085,13,187.26,25
1085,4,323.95,92
1085,17,58.23,55
1085,9,509.44,58
1086,10,494.76,85
1086,4,22.28,28
1086,18,556.85,69
1086,20,77.75,92
1086,23,232.78,90
1086,7,235.79,16
1086,19,232.91,6
1086,8,102.96,36
1087,14,714.71,98
1087,9,212.01,6
1087,18,130.05,14
1087,13,599.20,31
1087,5,234.62,82
1087,16,803.57,64
1087,2,110.72,19
1092,21,652.43,75
1092,18,781.77,30
1092,0,156.99,9
1092,22,34.05,91
1092,19,622.82,28
1094,8,788.18,21
1094,22,866.71,33
1094,6,109.10,96
1094,19,262.31,6
1094,1,542.29,89
1094,16,154.28,99
1094,18,429.01,30
1095,6,188.15,30
1095,9,135.15,21
1095,22,671.72,84
1095,23,404.29,50
1095,14,862.19,7
1096,3,744.22,32
1097,11,445.87,53
1097,0,720.08,43
1097,3,948.25,31
1097,19,791.84,76
1097,7,91.06,97
1097,14,855.51,86
1097,22,292.55,72
1098,14,577.89,31
1098,5,492.96,73
1098,22,721.89,39
1098,12,412.36,29
1098,10,166.43,65
1099,2,435.44,70
1099,5,503.02,68
1100,1,271.08,40
1101,6,932.62,16
1101,10,595.07,85
1101,17,572.77,55
1101,1,774.94,80
1102,3,586.07,12
1102,6,970.43,68
1102,19,324.06,70
1106,1,989.03,16
1106,23,335.68,68
1106,21,819.71,8
1106,19,748.29,81
1106,3,476.01,15
1107,9,354.45,48
1107,21,936.79,93
1107,20,543.84,95
1110,1,92.07,70
1110,7,390.94,30
1110,21,291.10,70
1110,20,32.05,71
1110,2,541.70,10
1112,2,937.86,7
1112,17,393.88,66
1112,10,796.92,70
1112,4,916.64,14
1112,8,695.34,23
1112,15,420.41,97
1112,9,728.40,56
1112,24,598.24,56
1112,7,880.10,73
1116,21,509.48,27
1116,19,757.76,52
1116,22,665.02,25
1116,15,393.57,22
1116,2,730.15,6
1116,23,572.88,81
1116,14,187.86,5
1116,5,660.65,97
1118,4,520.20,14
1119,4,239.68,26
1119,5,498.37,37
1119,20,11.37,43
1119,24,483.87,52
1119,16,128.89,30
1120,5,94.46,46
1121,9,613.32,78
1121,13,21.37,62
1121,16,308.05,35
1121,12,633.93,99
1121,11,829.78,81
1121,24,996.63,74
1122,11,927.98,39
1122,1,38.11,2
1126,14,573.32,76
1126,10,112.37,11
1126,4,223.69,23
1126,15,122.82,60
1126,17,971.10,91
1127,24,439.43,44
1127,5,624.37,41
1129,10,797.81,96
1129,24,422.45,56
1129,0,943.20,43
1129,21,530.57,52
1129,17,318.29,7
1129,15,516.21,20
1129,2,192.57,75
1129,4,933.61,64
1129,3,559.19,51
1134,17,55.33,28
1134,4,649.89,41
1134,12,994.60,60
1134,11,603.88,2
1134,8,566.81,6
1134,21,779.54,35
1134,14,205.52,57
1134,9,687.40,61
1134,19,870.33,82
1135,4,355.45,47
1135,8,403.73,24
1135,21,412.66,75
1135,24,781.55,40
1135,19,435.83,6
1135,20,419.10,6
1137,22,87.20,100
1137,4,376.48,94
1137,0,54.23,94
1137,2,81.51,97
1138,7,258.43,45
1138,11,8.35,26
1138,13,512.80,76
1138,4,941.85,1
1138,20,124.80,87
1142,7,367.34,95
1142,12,960.73,25
1142,13,534.66,36
1143,18,264.48,50
1143,5,666.43,69
1143,10,970.93,12
1143,17,801.00,9
1143,15,669.85,91
1143,14,843.68,22
1143,4,384.62,70
1143,20,112.18,100
1143,2,60.88,3
1146,16,739.52,9
1146,8,638.83,55
1147,0,920.58,36
1147,4,51.52,92
1147,16,441.01,12
1147,3,341.17,53
1147,20,430.61,96
1147,6,60.99,35
1147,7,768.49,87
1147,24,376.18,59
1148,4,633.99,93
1148,13,543.59,51
1148,14,108.54,69
1148,6,208.60,8
1148,18,447.50,3
1153,0,880.13,0
1153,10,762.68,58
1154,12,808.04,79
1158,15,260.90,13
1158,24,404.85,31
1158,13,294.88,62
1159,23,58.25,10
1159,15,214.99,39
1160,18,558.47,44
1160,8,60.01,51
1160,9,972.71,88
1160,14,452.17,11
1160,6,539.66,48
1162,8,705.19,27
1162,24,755.86,72
1162,6,315.95,53
1162,2,942.20,15
1162,4,462.11,29
1162,15,164.49,35
1162,18,72.99,91
1163,7,306.87,10
1163,21,119.24,6
1163,18,82.25,67
1163,19,622.58,58
1163,14,331.73,0
1166,13,698.99,9
1166,16,22.37,62
1167,19,499.70,39
1167,23,450.36,66
1167,5,892.00,64
1167,7,312.98,97
1167,21,720.64,97
1167,22,759.25,1
1167,13,757.60,45
1167,9,401.06,43
1168,15,388.92,20
1168,13,5.76,84
1170,18,308.59,36
1170,8,82.26,100
1170,13,863.67,43
1170,4,220.93,65
1170,3,242.66,2
1170,15,6.12,3
1173,18,129.05,48
1173,2,696.84,22
1173,6,808.40,8
1176,17,140.07,49
1178,7,272.10,71
1179,4,489.19,91
1179,20,855.12,84
1179,8,927.80,39
1179,13,313.60,1
1179,12,604.00,35
1179,11,303.77,22
1179,24,799.52,71
1179,17,893.13,16
1180,11,656.99,36
1180,19,196.16,8
1180,16,26.53,45
1180,8,782.35,16
1180,4,16.26,41
1180,7,474.09,64
1181,10,851.08,39
1181,23,415.32,6
1181,17,968.57,73
1181,6,882.81,80
1181,16,126.88,86
1181,19,342.71,28
1181,1,882.99,43
1181,3,399.10,3
1182,13,329.59,69
1182,19,91.60,93
1182,9,779.96,48
1185,0,384.37,80
1185,7,633.30,89
1185,23,572.13,66
1185,11,377.71,29
1185,14,397.97,41
1185,10,522.66,12
1185,2,316.14,97
1185,12,512.62,10
1186,8,768.40,11
1186,14,405.79,96
1186,10,31.73,22
1186,24,691.43,6
1186,15,134.83,35
1186,9,143.78,17
1186,21,448.92,63
1190,13,632.17,0
1190,19,691.84,48
1190,5,287.39,8
1190,22,755.17,30
1190,23,279.07,57
1190,17,864.60,45
1190,14,551.78,16
1192,7,847.17,46
1192,8,99.21,97
1192,24,384.14,19
1192,19,532.79,28
1192,10,862.58,92
1192,23,507.31,100
1192,5,294.57,95
1192,15,808.25,38
1197,20,197.17,50
1197,0,332.44,98
1198,24,867.07,34
1199,4,994.02,6
1199,13,501.48,37
1199,10,889.79,97
1199,15,287.26,72
1199,2,522.32,30
1199,0,64.63,70
1199,12,147.20,73
1199,7,266.06,63
1200,5,105.77,74
1201,16,229.28,7
1201,8,907.05,36
1201,15,979.85,84
1201,3,981.53,38
1201,21,982.31,68
1201,17,982.32,87
1201,0,476.29,45
1201,1,255.38,85
1204,17,176.51,53
1204,20,739.80,94
1204,11,383.72,100
1206,11,519.14,82
1206,0,87.50,29
1206,17,647.87,83
1206,18,997.89,50
1206,20,113.19,28
1206,7,702.57,50
1206,13,221.46,95
1206,14,633.59,17
1206,3,63.32,36
1208,19,137.73,32
1208,6,276.27,80
1209,13,513.65,87
1209,2,202.76,44
1209,8,372.20,70
1209,7,892.44,37
1210,16,802.81,10
1210,18,189.12,27
1211,1,235.84,59
1211,23,74.89,61
1211,14,807.05,48
1211,12,142.66,99
1211,8,891.16,11
1216,4,759.02,25
1216,13,245.89,24
1216,16,350.61,66
1216,14,129.86,42
1217,7,666.00,14
1217,11,798.68,62
1217,24,489.71,40
1217,20,137.81,0
1217,5,383.04,60
1217,8,580.25,18
1218,10,347.01,92
1218,23,20.94,66
1218,13,634.72,41
1218,16,131.55,80
1218,3,149.83,69
1218,14,740.94,90
1218,12,573.81,37
1218,22,463.73,12
1218,5,69.94,4
1219,15,993.25,58
1219,22,740.08,72
1219,6,445.99,59
1220,22,544.89,2
1220,11,564.33,38
1220,17,381.09,76
1220,2,481.20,57
1220,5,271.00,56
1220,20,388.85,24
1220,24,863.49,98
1220,6,181.66,66
1220,14,571.96,6
1221,2,449.76,32
1221,16,797.03,13
1221,11,692.97,97
1221,4,242.06,26
1224,10,13.27,13
1224,20,46.82,42
1224,9,491.77,50
1224,24,698.44,68
1226,23,0.64,38
1226,0,898.15,49
1229,6,633.06,92
1229,23,509.03,58
1231,19,862.57,49
1231,8,228.72,72
1231,17,3.45,19
1231,1,211.47,34
1231,18,900.29,26
1233,3,820.65,72
1233,18,282.49,60
1233,16,471.82,64
1233,1,990.32,30
1234,3,145.74,87
1234,18,356.02,1
1234,14,974.25,98
1234,6,611.06,17
1234,22,356.71,57
1234,13,733.08,30
1234,1,965.70,57
1234,5,963.46,39
1234,24,286.79,56
1236,7,51.37,39
1236,0,149.31,76
1236,17,367.21,74
1237,12,340.63,44
1237,24,844.52,63
1237,11,500.25,100
1237,23,217.47,9
1239,19,67.53,22
1239,4,214.42,23
1239,3,273.55,82
1239,8,458.87,52
1239,1,144.36,61
1239,10,266.27,70
1239,2,421.89,66
1245,17,492.43,79
1245,4,805.62,42
1245,12,507.31,56
1245,20,867.97,59
1245,10,158.40,16
1245,22,178.07,71
1246,20,697.98,23
1247,1,190.91,12
1247,0,778.15,46
1247,18,296.46,24
1247,15,749.47,76
1247,8,33.55,90
1247,4,533.71,98
1247,7,704.50,19
1247,14,653.80,68
1247,24,232.78,74
1251,5,172.95,50
1251,13,957.56,50
1251,8,523.40,63
1251,23,593.53,72
1253,23,564.70,0
1255,6,773.53,55
1255,10,897.94,2
1258,2,893.53,30
1258,13,235.64,38
1258,19,68.80,24
1259,19,342.78,47
1259,0,517.08,4
1259,22,257.23,0
1259,20,491.96,38
1259,23,554.62,45
1260,11,641.42,16
1260,22,176.29,44
1260,24,94.37,19
1262,3,117.88,68
1262,0,314.11,19
1264,2,529.24,99
1264,10,866.68,15
1264,4,881.88,84
1266,20,453.29,37
1266,18,351.46,57
1266,24,776.30,73
1268,15,251.84,18
1268,9,378.81,59
1268,10,278.80,76
1269,24,699.66,95
1269,15,711.10,74
1269,17,276.70,98
1270,19,639.07,91
1270,6,487.23,99
1270,2,521.76,36
1271,21,401.35,57
1271,16,918.61,37
1271,17,927.53,48
1271,23,322.52,30
1271,0,409.61,86
1272,4,617.22,32
1272,15,753.94,47
1272,7,456.12,65
1272,20,673.41,9
1272,19,162.74,28
1272,10,715.78,66
1272,16,585.29,76
1272,17,407.23,45
1272,23,200.31,66
1273,11,679.23,72
1273,5,877.40,90
1273,9,134.61,72
1273,18,643.64,8
1273,16,882.32,28
1274,10,29.26,13
1274,24,321.83,73
1274,19,576.15,54
1274,4,981.47,58
1274,20,892.53,56
1274,12,18.30,71
1274,5,836.88,93
1275,21,365.22,31
1275,3,624.68,76
1277,13,486.81,80
1278,13,185.35,90
1278,10,251.70,82
1278,2,789.88,44
1278,22,170.67,23
1281,8,928.96,16
1281,6,981.45,20
1281,21,604.46,61
1281,2,752.42,54
1281,1,894.90,2
1282,5,444.01,38
1282,21,750.96,52
1283,13,596.98,5
1283,15,789.41,86
1285,24,725.01,35
1285,15,74.16,0
1285,7,251.34,11
1285,16,705.77,26
1285,13,232.03,66
1285,23,232.56,32
1285,22,827.47,19
1285,17,37.37,68
1285,1,511.03,0
1287,8,692.99,29
1287,24,206.22,51
1287,10,448.71,69
1287,12,555.63,70
1289,10,171.72,79
1289,5,381.30,94
1289,18,496.88,30
1289,1,472.96,71
1289,3,871.30,28
1289,11,383.98,83
1289,19,550.98,17
1289,17,343.83,33
1289,12,946.53,85
1290,9,979.43,13
1290,4,401.37,61
1290,17,770.42,35
1291,16,442.51,61
1293,19,449.34,59
1293,5,498.40,81
1293,8,267.16,72
1294,7,235.19,11
1294,16,378.45,46
1294,11,63.36,99
1294,22,648.95,15
1294,3,334.25,45
1294,8,87.05,79
1294,13,396.06,35
1295,12,360.36,49
1295,20,91.10,40
1295,1,956.98,15
1295,10,696.32,72
1295,13,972.20,4
1296,20,261.17,2
1296,13,723.12,43
1296,4,711.33,84
1296,19,493.77,45
1296,2,844.67,100
1296,24,586.90,99
1296,5,640.03,40
1296,21,505.86,79
1296,10,200.47,19
1297,13,1000.12,98
1297,4,230.73,0
1297,11,613.18,44
1297,21,2.14,3
1297,23,926.49,58
1299,10,442.25,60
1299,21,999.79,69
1302,7,471.85,7
1302,23,72.81,30
1302,0,492.34,34
1302,5,619.92,4
1304,1,6.79,65
1304,10,73.92,53
1304,24,887.46,76
1305,19,397.62,46
1305,8,302.88,5
1305,5,158.01,18
1305,4,40.74,14
1305,17,944.63,56
1305,2,237.89,60
1311,5,694.72,44
1313,7,955.01,0
1313,19,478.87,77
1313,9,3.32,77
1313,3,223.15,30
1313,12,428.32,48
1313,8,403.89,3
1313,11,635.33,54
1313,13,223.90,78
1313,14,128.19,27
1316,0,327.38,98
1316,4,955.69,47
1316,1,654.60,23
1316,17,922.06,56
1316,9,947.14,39
1316,16,762.32,28
1316,6,112.04,85
1317,4,835.86,55
1317,2,284.76,16
1317,11,408.94,31
1317,21,159.36,28
1317,23,913.17,83
1317,24,61.42,0
1318,21,400.05,28
1319,13,102.78,44
1319,11,398.58,95
1319,2,598.88,41
1319,23,128.60,64
1319,20,405.34,41
1319,3,960.23,32
1322,16,711.90,40
1322,0,692.49,14
1322,22,895.36,36
1322,13,455.03,67
1322,5,572.19,79
1322,14,302.43,63
1322,2,684.47,22
1322,4,261.70,97
1322,18,243.38,11
1327,1,859.66,17
1327,18,917.87,35
1327,19,38.39,71
1327,5,258.46,11
1327,0,585.15,72
1327,17,494.47,54
1327,8,554.52,21
1329,0,686.70,32
1329,22,410.04,32
1329,11,213.18,88
1329,5,168.57,38
1329,9,313.14,11
1329,2,488.00,76
1329,10,946.04,4
1330,10,533.96,6
1330,20,543.14,2
1330,14,843.70,18
1332,13,736.07,15
1332,22,50.56,87
1335,8,732.14,58
1335,0,94.88,63
1335,16,45.54,100
1335,21,836.94,34
1335,20,348.44,46
1335,12,201.90,92
1335,13,676.89,50
1335,3,968.64,17
1340,16,597.16,44
1340,17,538.05,2
1340,4,655.03,75
1341,5,410.31,42
1341,17,217.06,88
1341,16,742.11,34
1341,4,396.56,64
1341,6,988.48,64
1341,22,161.64,2
1341,10,634.51,40
1341,13,838.46,93
1343,2,466.73,51
1343,15,50.08,94
1343,14,119.36,21
1343,24,726.51,58
1344,14,329.54,47
1344,11,12.94,57
1344,6,232.49,89
1344,20,853.45,51
1344,1,840.11,15
1344,4,960.67,7
1344,3,299.27,79
1344,23,441.52,68
1344,16,918.49,26
1345,14,728.08,81
1345,2,173.43,32
1345,18,696.87,33
1345,23,552.37,72
1345,12,42.14,58
1345,6,561.82,48
1345,15,580.80,36
1345,11,913.44,15
1347,7,92.23,55
1347,10,617.00,22
1347,16,556.13,59
1347,14,434.00,4
1347,9,855.59,44
1348,11,677.85,14
1349,7,236.24,71
1349,17,967.26,31
1352,4,439.49,33
1352,10,727.19,15
1352,2,972.95,93
1359,11,709.68,74
1359,17,762.78,43
1359,0,385.91,5
1362,5,742.74,26
1362,6,966.47,73
1362,14,768.78,23
1362,0,229.81,4
1362,16,901.77,57
1363,9,708.48,86
1363,10,887.50,12
1363,4,45.54,21
1363,8,229.03,98
1368,9,561.75,91
1368,20,745.38,78
1368,3,79.66,13
1368,18,367.03,41
1368,14,533.91,65
1372,20,159.87,71
1375,10,600.47,37
1375,18,319.49,29
1378,19,80.53,36
1380,24,300.42,73
1380,19,956.08,17
1380,15,718.07,100
1380,11,626.14,44
1380,14,200.08,49
1380,1,909.94,98
1380,12,783.87,36
1380,4,906.55,22
1382,24,356.48,52
1382,17,370.51,10
1382,11,917.16,94
1382,10,994.85,8
1382,8,343.21,20
1382,2,486.58,30
1384,24,409.38,55
1384,10,597.78,12
1384,17,254.53,95
1384,15,554.15,80
1385,20,179.91,16
1385,6,463.79,46
1385,7,774.43,62
1385,22,726.94,40
1387,10,517.33,23
1387,11,958.14,59
1387,4,277.28,33
1387,18,301.11,79
1387,21,577.53,1
1387,7,354.97,2
1387,0,811.33,50
1387,9,21.10,80
1387,2,355.01,34
1389,0,176.31,8
1389,11,858.67,44
1389,24,312.05,98
1389,8,612.97,37
1389,22,461.85,9
1389,10,209.85,55
1389,7,58.24,17
1389,18,658.06,53
1393,17,414.00,85
1393,19,716.17,25
1393,1,766.68,48
1393,16,132.12,52
1393,22,494.05,70
1393,23,806.07,70
1393,14,815.22,15
1394,1,402.28,16
1394,21,970.10,38
1394,11,649.68,37
1394,4,682.50,13
1394,12,700.46,26
1396,14,455.81,99
1396,0,675.86,80
1396,18,82.86,70
1396,13,729.23,15
1396,5,770.92,18
1396,1,340.55,43
1398,19,546.28,61
1403,20,500.50,21
1403,16,402.81,26
1403,18,332.62,24
1403,12,801.05,94
1403,23,994.14,94
1403,3,475.08,24
1403,19,5.68,83
1403,13,999.55,84
1403,9,162.54,44
1404,21,751.96,34
1404,10,731.24,5
1404,6,668.30,35
1404,13,552.54,6
1404,22,431.90,46
1404,24,277.26,17
1404,15,254.41,54
1405,4,402.10,68
1405,6,916.58,83
1405,3,699.40,78
1405,13,296.22,18
1405,0,368.59,15
1405,22,125.54,50
1405,20,371.28,1
1409,2,563.60,43
1413,3,285.91,95
1413,21,437.96,41
1413,7,363.52,63
1413,14,218.28,41
1413,23,757.37,49
1413,24,102.29,70
1413,11,358.35,14
1416,24,741.44,35
1416,6,296.96,97
1416,2,227.26,12
1416,22,686.88,77
1416,19,600.73,47
1416,8,751.95,45
1416,18,863.94,48
1417,6,586.05,1
1417,19,169.23,86
1417,23,220.51,48
1419,21,599.48,70
1419,11,73.67,34
1419,8,422.71,87
1419,9,120.76,66
1419,20,387.50,0
1419,12,307.49,31
1419,18,350.80,73
1419,15,625.30,41
1422,1,438.25,16
1422,3,454.63,65
1422,6,790.35,50
1422,22,155.94,43
1422,11,57.65,92
1427,1,184.14,30
1427,19,326.75,57
1427,18,294.34,26
1427,8,961.26,60
1427,23,226.39,95
1427,17,528.39,89
1427,5,494.48,38
1428,16,143.27,36
1428,0,41.16,32
1428,24,413.51,61
1428,10,947.78,37
1430,13,206.16,68
1430,6,14.71,40
1430,22,486.14,11
1430,4,582.93,93
1430,17,77.93,24
1436,1,290.53,4
1437,7,487.05,36
1437,0,439.35,32
1437,23,4.40,0
1440,23,481.34,95
1440,3,248.31,25
1441,12,126.07,80
1441,11,260.89,71
1441,17,413.32,34
1442,5,480.60,58
1442,19,112.63,2
1442,20,402.78,47
1442,4,688.37,55
1442,3,201.95,12
1442,24,522.38,94
1443,21,677.51,78
1443,24,769.75,88
1443,16,634.35,2
1443,20,836.47,11
1443,12,304.41,99
1443,7,278.46,54
1444,22,988.55,21
1444,3,893.96,82
1444,4,239.29,37
1444,6,70.06,23
1444,8,347.06,4
1444,0,756.80,16
1445,14,817.41,58
1445,16,58.03,27
1445,10,602.41,75
1446,0,317.73,97
1446,16,998.41,29
1446,11,525.39,2
1446,4,920.51,48
1446,19,582.75,86
1446,21,525.53,99
1448,18,313.36,85
1448,22,970.03,44
1448,1,102.59,12
1448,15,323.35,68
1448,10,296.21,12
1448,3,914.30,94
1448,13,199.88,52
1448,8,379.91,56
1448,5,22.46,10
1450,1,809.38,59
1450,0,758.31,94
1451,24,332.93,31
1451,6,936.15,40
1451,17,863.23,61
1451,10,897.56,7
1455,1,240.53,15
1455,19,504.00,14
1455,13,365.13,93
1455,5,109.88,37
1455,6,230.41,76
1455,23,950.74,5
1455,11,666.89,81
1455,16,908.16,39
1455,12,129.56,10
1457,12,106.48,34
1457,19,956.07,83
1457,2,176.70,66
1457,4,191.48,9
1458,24,517.81,64
1458,9,935.92,26
1458,13,969.60,82
1458,15,488.52,75
1458,23,702.86,68
1459,6,670.93,16
1459,10,872.03,26
1459,24,279.18,31
1459,12,378.49,95
1459,18,107.55,1
1459,22,689.09,95
1459,15,610.11,4
1460,9,346.88,14
1460,10,759.27,40
1460,24,433.83,69
1460,15,647.01,94
1460,20,137.58,8
1462,10,350.37,50
1462,6,663.52,20
1462,14,61.59,2
1462,7,69.53,19
1462,9,694.06,81
1462,0,213.44,19
1462,8,361.48,31
1464,12,310.90,60
1464,10,422.36,79
1464,23,281.64,8
1464,16,577.10,8
1464,13,477.15,47
1465,19,394.83,64
1465,4,88.11,63
1465,15,508.15,10
1467,2,587.55,62
1467,1,365.92,86
1467,19,56.20,13
1467,4,83.28,72
1467,13,938.53,79
1467,22,513.94,95
1467,3,554.72,2
1467,18,610.21,44
1470,21,410.83,63
1470,16,931.20,9
1471,9,192.23,31
1471,2,133.47,91
1471,22,213.01,97
1471,7,322.94,78
1471,17,837.41,12
1471,4,815.51,16
1473,7,263.64,78
1473,18,742.52,37
1475,17,49.22,44
1475,24,215.78,88
1476,19,609.11,2
1476,5,538.53,57
1476,3,174.35,55
1476,10,419.50,34
1476,24,572.82,86
1476,22,148.08,3
1476,12,588.24,34
1477,11,939.03,2
1480,9,100.44,71
1480,14,43.91,71
1480,20,716.72,48
1480,19,970.10,79
1480,7,784.94,85
1480,15,383.52,78
1483,7,112.28,61
1483,12,998.71,49
1483,24,737.12,71
1488,8,719.79,66
1488,15,760.15,37
1488,10,280.15,22
1488,23,690.10,54
1488,2,352.12,31
1488,17,310.43,9
1489,14,285.73,94
1489,17,215.29,72
1489,12,67.89,51
1489,13,966.95,49
1493,3,895.88,60
1493,24,538.79,78
1493,14,118.02,70
1493,13,315.55,28
1493,17,717.90,15
1493,11,649.29,50
1504,18,316.30,81
1504,0,258.66,55
1504,6,532.84,25
1505,7,430.60,45
1506,16,227.52,59
1506,13,136.49,57
1507,8,888.58,79
1507,21,254.84,44
1507,4,637.46,57
1507,15,798.43,95
1507,14,357.17,94
1507,23,24.11,68
1508,5,356.23,12
1508,11,405.38,76
1508,3,714.57,79
1508,22,917.65,69
1508,17,815.15,70
1508,14,568.60,13
1509,8,781.38,28
1509,6,249.09,3
1509,0,422.68,60
1509,16,653.93,95
1509,13,483.82,67
1509,3,115.45,19
1511,20,841.76,33
1511,15,622.54,95
1511,18,442.48,52
1511,19,872.86,31
1511,24,759.33,98
1511,22,706.24,90
1513,4,628.09,54
1513,0,819.39,92
1513,15,769.01,100
1513,19,606.95,88
1513,20,313.16,75
1513,18,559.43,18
1513,10,606.12,67
1513,11,938.73,87
1513,16,286.99,66
1516,2,767.10,4
1518,1,572.10,99
1519,2,473.38,89
1519,15,654.59,25
1519,10,539.32,16
1519,20,811.62,20
1519,7,793.75,17
1519,13,943.18,30
1520,0,934.04,8
1520,9,904.62,12
1520,21,138.02,27
1522,24,717.37,48
1522,5,169.34,9
1522,8,836.66,5
1522,23,286.27,48
1522,2,593.10,14
1522,15,59.97,14
1525,1,137.52,81
1525,10,816.24,25
1525,6,920.75,61
1526,0,979.48,17
1526,10,668.15,10
1526,1,280.44,4
1526,24,783.50,60
1526,13,967.10,73
1526,12,562.37,87
1527,4,819.00,64
1527,17,831.95,32
1527,24,977.42,48
1527,22,610.04,31
1527,18,650.18,62
1527,12,537.70,0
1527,7,555.74,83
1528,15,356.51,58
1528,8,639.15,27
1528,20,493.61,40
1528,12,790.77,50
1528,19,592.53,13
1528,18,301.60,77
1528,7,963.60,68
1528,17,893.66,38
1529,16,710.27,72
1529,11,124.56,36
1529,20,469.13,99
1529,8,918.31,33
1529,4,548.27,100
1530,17,334.88,37
1530,5,822.52,16
1530,22,98.72,37
1530,11,689.53,70
1530,10,234.26,51
1530,19,587.39,10
1530,16,605.47,68
1530,21,656.03,30
1530,23,963.27,21
1531,10,709.06,63
1531,20,921.97,52
1531,17,288.85,62
1532,0,825.43,58
1532,6,599.50,20
1532,9,755.73,81
1532,17,573.51,44
1534,20,53.96,7
1534,3,849.69,53
1534,4,436.48,15
1535,11,182.75,24
1535,21,452.31,65
1535,6,499.19,6
1535,20,449.14,90
1535,8,198.68,89
1535,18,843.72,9
1535,4,127.57,7
1535,1,241.76,18
1535,0,182.64,41
1538,24,976.37,47
1538,17,482.79,96
1541,8,192.77,75
1541,20,822.02,6
1541,0,606.85,88
1541,6,655.06,77
1541,9,733.26,73
1541,19,296.84,69
1541,12,191.31,97
1541,7,852.97,89
1542,11,627.91,38
1542,13,774.12,9
1542,7,976.97,31
1542,20,868.68,43
1542,0,141.93,87
1542,14,15.51,49
1542,15,907.74,11
1542,21,75.97,31
1542,24,839.68,13
1545,22,336.27,24
1545,12,0.75,32
1545,2,127.87,43
1545,23,768.76,16
1545,0,50.33,60
1545,14,586.50,24
1545,6,979.59,86
1546,18,70.57,17
1546,21,134.38,40
1546,3,965.11,28
1550,16,709.95,1
1550,9,652.98,27
1550,18,539.23,69
1550,1,601.23,30
1551,10,343.69,68
1551,0,2.29,59
1551,9,10.84,51
1551,13,71.22,68
1551,19,82.39,41
1553,10,13.93,14
1553,17,287.68,81
1553,16,911.61,66
1553,8,860.97,69
1553,24,461.75,51
1553,21,564.20,24
1553,1,645.63,31
1553,13,804.02,61
1553,22,856.95,52
1554,15,905.20,52
1554,3,578.04,54
1554,20,73.43,49
1554,14,325.94,90
1554,5,946.78,94
1554,6,711.50,98
1554,12,395.83,7
1554,13,194.80,69
1556,4,216.32,28
1556,23,892.87,45
1556,14,716.55,87
1556,1,64.33,95
1556,12,900.43,11
1556,15,703.16,67
1556,22,300.43,34
1557,24,421.84,75
1557,17,327.33,67
1557,8,465.90,63
1557,15,678.45,60
1557,2,825.37,25
1557,21,474.36,32
1557,20,520.76,81
1558,2,786.17,57
1558,7,538.32,37
1558,20,130.39,48
1558,22,358.10,48
1558,13,906.61,71
1558,21,217.56,99
1559,6,233.57,22
1559,21,668.15,39
1560,12,189.21,69
1560,21,389.06,26
1560,8,518.46,12
1561,11,107.22,95
1561,13,507.81,52
1561,0,671.81,68
1561,9,249.83,64
1561,10,13.06,65
1562,7,575.81,99
1562,8,296.90,69
1562,23,945.51,27
1562,5,480.15,96
1565,5,167.43,31
1565,7,540.85,61
1566,24,22.80,46
1566,14,333.00,10
1566,15,574.04,14
1566,22,966.16,84
1566,6,113.18,18
1566,10,342.80,100
1568,23,561.71,91
1568,7,171.37,24
1568,22,709.71,14
1568,3,781.26,1
1568,8,773.75,22
1569,4,766.33,91
1569,22,767.97,46
1569,3,175.11,61
1569,15,283.95,32
1569,14,982.18,85
1569,20,324.14,59
1569,21,311.37,22
1569,19,632.14,26
1569,17,812.84,68
1574,12,166.58,28
1574,18,295.15,23
1574,16,402.57,49
1574,2,531.74,40
1574,1,524.82,22
1574,21,679.45,45
1575,3,569.01,31
1575,12,524.54,48
1576,3,387.08,31
1576,6,819.35,30
1576,1,304.87,89
1576,9,967.80,68
1576,0,321.26,24
1576,18,773.30,5
1576,2,558.58,59
1577,3,864.88,31
1577,5,659.18,70
1577,1,149.04,9
1577,6,110.16,7
1577,4,473.53,62
1577,14,978.73,100
1582,0,667.61,78
1582,18,66.73,89
1582,21,592.16,26
1582,16,313.79,85
1582,6,874.68,33
1582,13,979.45,64
1582,23,269.98,66
1583,24,260.20,94
1583,4,689.39,41
1583,19,862.67,28
1583,23,112.38,21
1583,15,514.96,6
1583,17,696.34,36
1583,7,589.90,40
1583,11,801.34,14
1585,1,658.87,37
1585,5,576.82,50
1585,6,829.39,75
1585,13,746.09,46
1585,4,684.11,100
1585,2,625.82,65
1585,22,756.32,49
1587,21,583.40,57
1587,4,43.09,74
1587,22,883.93,82
1589,23,932.89,65
1589,7,695.44,98
1590,10,867.18,57
1590,23,241.22,25
1590,2,620.18,3
1590,6,710.42,38
1591,3,20.91,67
1593,8,836.17,52
1593,1,753.05,72
1593,5,103.14,15
1593,0,104.07,88
1593,17,756.22,5
1593,10,522.09,76
1593,21,20.13,39
1593,12,991.30,63
1593,6,280.48,17
1594,18,447.20,24
1594,16,874.39,51
1594,22,918.51,64
1594,20,871.15,0
1594,8,383.85,22
1594,13,57.38,21
1594,5,590.51,38
1594,19,671.70,85
1594,9,12.19,83
1595,8,976.55,37
1595,11,359.78,23
1595,1,854.19,53
1595,10,48.40,63
1595,13,758.46,48
1595,21,524.04,12
1595,22,568.83,0
1595,9,920.22,41
1595,3,374.45,86
1597,12,377.37,6
1597,5,193.87,14
1597,17,346.81,50
1597,20,598.54,15
1598,15,541.55,99
1598,13,739.01,80
1598,4,476.76,63
1598,16,857.34,65
1598,9,297.55,74
1598,2,203.46,89
1598,23,898.42,32
1600,7,112.77,81
1600,4,982.06,68
1600,22,644.55,72
1600,12,600.01,39
1600,6,288.49,52
1600,8,405.61,89
1600,17,685.91,86
1600,13,841.90,63
1600,15,977.49,70
1602,8,901.48,39
1602,1,511.52,90
1602,2,43.08,92
1605,9,446.17,43
1605,18,964.63,18
1605,15,805.33,72
1605,23,922.71,52
1605,17,209.34,21
1607,6,950.72,14
1608,8,315.16,93
1608,5,650.66,1
1608,11,929.38,57
1608,6,442.60,31
1608,13,687.14,94
1608,7,543.57,78
1610,20,782.61,45
1610,6,516.18,95
1610,18,818.44,12
1610,11,668.32,12
1613,8,951.22,98
1613,22,734.32,67
1613,20,788.40,39
1613,15,536.45,84
1614,20,173.51,38
1617,3,288.54,19
1617,8,594.58,75
1617,2,801.97,4
1617,7,976.48,41
1617,18,886.23,89
1617,16,497.18,99
1620,13,731.83,38
1620,0,702.35,14
1623,12,176.65,17
1623,1,662.66,30
1623,17,520.92,63
1623,14,476.78,96
1623,24,170.12,45
1623,22,469.68,0
1625,10,116.04,37
1625,17,939.39,8
1625,8,540.84,74
1625,23,316.94,86
1625,14,490.38,91
1625,24,995.67,0
1625,18,188.29,77
1625,12,794.88,39
1625,3,264.85,1
1627,19,893.42,10
1627,21,759.15,68
1627,0,57.51,99
1630,2,20.52,10
1630,5,900.59,62
1630,19,928.61,12
1630,20,795.43,32
1630,7,465.87,82
1630,8,709.59,4
1630,23,757.47,89
1632,10,4.09,53
1633,2,546.39,33
1633,8,61.23,11
1633,23,533.68,50
1633,1,746.65,28
1633,7,118.04,40
1635,9,47.27,31
1635,2,996.14,97
1635,8,59.20,13
1635,15,520.96,87
1635,21,648.06,54
1637,21,838.18,74
1637,9,782.87,26
1637,0,748.34,32
1637,4,58.03,15
1637,20,538.08,20
1637,10,25.92,31
1637,1,371.17,62
1637,12,131.46,68
1638,8,145.82,63
1638,3,251.67,29
1638,13,956.02,44
1638,6,704.33,51
1638,0,748.73,42
1638,24,953.44,64
1638,11,743.93,50
1638,18,990.88,86
1641,1,570.68,37
1641,13,20.90,94
1641,7,910.57,68
1641,18,464.14,85
1641,2,327.47,20
1641,22,469.10,63
1641,21,863.68,57
1641,12,814.97,50
1641,14,651.49,16
1642,11,436.76,59
1644,18,346.26,57
1644,7,755.02,34
1644,17,670.68,17
1644,21,182.63,66
1644,0,161.44,28
1644,19,311.35,30
1644,3,774.84,81
1644,10,584.64,84
1644,24,706.19,87
1646,1,39.11,78
1646,17,862.41,5
1646,20,406.85,9
1646,15,875.24,67
1648,15,157.77,12
1648,23,933.24,0
1648,7,540.90,29
1650,6,554.53,11
1650,22,247.51,35
1650,16,393.74,5
1650,18,137.26,3
1650,8,713.55,52
1650,2,82.54,65
1650,13,419.70,30
1651,12,488.88,4
1651,20,516.45,45
1651,14,969.56,86
1651,6,590.00,24
1651,7,923.55,3
1651,24,591.98,18
1651,16,303.27,38
1651,19,474.48,43
1651,13,600.66,68
1652,13,496.43,25
1653,1,546.11,81
1655,14,262.84,9
1656,20,378.14,34
1656,4,128.08,77
1657,9,160.80,76
1657,1,611.72,42
1657,3,360.39,75
1657,0,583.99,36
1657,22,448.30,45
1657,13,40.13,96
1657,10,659.77,5
1657,20,711.40,61
1658,8,489.01,81
1658,4,317.37,88
1658,7,425.53,77
1658,3,535.21,73
1658,6,53.22,55
1662,0,977.85,96
1662,22,604.48,36
1662,16,856.65,31
1665,8,314.07,44
1665,16,326.46,83
1665,21,1000.68,85
1665,7,112.47,38
1666,11,724.27,70
1668,15,683.91,59
1669,7,11.69,70
1672,19,676.70,76
1672,22,187.26,93
1672,23,719.13,52
1672,7,653.12,46
1672,1,270.62,1
1672,6,950.38,51
1675,5,955.43,100
1676,9,261.85,64
1676,11,756.85,72
1676,12,584.94,73
1676,8,457.41,32
1676,0,971.70,37
1676,2,857.06,34
1676,16,694.47,18
1678,21,19.60,1
1680,4,560.92,15
1681,14,968.37,80
1681,0,395.70,22
1681,10,453.64,29
1681,2,389.80,100
1682,6,651.35,85
1682,24,782.00,49
1682,4,602.57,26
1682,10,121.21,14
1682,11,629.46,4
1682,7,77.15,21
1683,11,225.86,98
1683,12,9.81,22
1683,1,749.01,78
1683,10,293.53,13
1683,6,342.89,3
1685,12,532.27,90
1685,0,601.64,7
1685,14,851.85,47
1685,3,153.31,69
1687,15,247.90,9
1687,12,766.39,99
1687,10,94.10,77
1687,22,474.29,14
1689,6,256.00,84
1689,23,819.07,62
1689,10,505.81,77
1693,6,601.30,74
1693,7,931.13,35
1693,18,654.78,70
1693,12,877.38,98
1698,7,806.83,25
1698,5,182.74,39
1698,0,75.69,17
1698,3,513.16,28
1698,20,361.54,96
1699,17,613.55,96
1699,12,410.10,22
1699,14,770.90,73
1699,19,943.98,49
1699,13,935.01,30
1701,16,76.58,95
1701,21,127.80,30
1701,23,11.24,84
1702,8,996.11,99
1702,11,720.29,29
1702,10,529.17,64
1702,17,102.55,8
1708,16,818.30,51
1708,6,300.61,86
1708,11,871.68,87
1708,3,549.90,52
1708,8,710.26,31
1708,12,758.78,26
1708,15,362.03,16
1708,7,779.51,54
1708,9,694.11,34
1709,10,853.74,21
1709,6,164.74,78
1709,5,854.36,72
1709,4,411.80,48
1709,7,424.23,6
1709,24,611.57,3
1709,8,637.33,87
1710,5,507.50,76
1710,6,246.49,21
1710,10,925.13,43
1710,22,372.26,50
1710,17,660.05,59
1710,12,521.26,54
1710,21,78.53,12
1715,8,233.42,0
1715,4,161.19,55
1715,13,969.38,58
1715,18,659.98,69
1715,21,378.25,4
1715,23,623.52,10
1715,1,743.93,11
1719,21,308.36,97
1719,24,619.64,97
1719,11,753.27,75
1719,16,27.10,99
1721,9,474.11,56
1722,16,759.29,3
1722,2,586.38,79
1723,2,930.41,98
1723,20,536.34,70
1723,7,55.37,69
1723,13,211.00,7
1723,18,400.56,69
1723,12,915.32,87
1723,21,283.32,92
1723,14,943.77,80
1725,17,500.58,82
1725,22,954.67,4
1725,1,556.79,92
1725,15,522.89,32
1725,14,195.91,44
1725,7,968.77,58
1725,4,559.16,89
1725,2,393.55,21
1725,20,417.56,56
1726,2,90.91,40
1726,24,317.66,88
1726,20,404.25,66
1726,16,374.87,59
1726,8,321.15,100
1726,18,13.26,27
1726,21,93.84,16
1732,11,450.05,99
1732,18,766.12,77
1732,17,427.82,3
1741,21,543.73,12
1741,0,408.53,93
1741,24,813.07,82
1741,17,230.19,51
1743,6,999.57,29
1743,1,665.90,50
1743,0,202.60,63
1746,18,292.69,99
1746,8,614.08,8
1746,4,968.54,1
1746,23,329.77,87
1746,19,890.94,52
1746,14,843.77,23
1746,3,922.24,38
1746,11,418.31,16
1746,13,329.51,14
1747,10,594.14,9
1747,6,965.28,19
1747,22,634.83,10
1747,21,72.78,30
1747,16,65.35,96
1747,9,694.25,15
1747,0,168.55,40
1750,22,66.51,96
1750,19,213.05,56
1750,2,65.05,83
1750,13,168.45,45
1750,5,236.35,98
1750,20,916.31,14
1750,14,226.17,81
1752,9,318.93,56
1752,22,177.54,15
1752,4,913.50,5
1752,3,667.30,46
1752,14,831.57,49
1756,19,990.96,32
1756,0,214.37,98
1756,21,162.57,98
1756,3,305.22,16
1757,1,272.87,94
1757,14,832.30,17
1757,9,195.18,34
1757,11,848.59,11
1757,6,418.99,94
1757,0,544.08,89
1757,19,768.53,91
1759,15,635.19,75
1759,19,523.03,21
1764,7,334.80,48
1764,11,859.14,99
1764,2,254.99,77
1766,6,895.13,14
1766,7,434.88,28
1766,18,62.06,58
1766,20,544.83,43
1766,21,497.80,98
1766,1,768.94,29
1766,8,628.60,97
1766,2,77.33,92
1767,5,716.14,6
1767,15,360.54,54
1767,1,433.65,84
1767,20,521.70,93
1767,19,26.00,60
1768,18,481.94,73
1768,3,947.13,47
1768,22,914.95,91
1768,10,990.18,67
1768,8,549.32,58
1768,6,227.72,35
1768,1,835.10,96
1768,11,994.19,69
1769,12,85.52,49
1769,18,665.57,65
1769,3,387.49,5
1769,20,206.36,23
1769,22,218.87,97
1769,21,172.20,80
1769,5,54.38,7
1771,3,263.36,25
1771,15,720.84,92
1771,24,936.64,54
1771,21,359.51,48
1771,10,227.72,65
1771,2,730.08,39
1773,22,582.43,49
1773,21,902.97,55
1773,6,798.95,34
1773,13,60.90,46
1773,18,725.22,26
1773,1,480.45,30
1774,16,246.97,39
1774,5,825.65,82
1774,7,747.12,100
1774,8,331.41,87
1774,22,543.38,88
1774,13,617.57,88
1774,15,290.82,43
1774,3,390.43,37
1774,6,45.19,45
1776,8,189.49,0
1777,8,255.46,64
1777,23,264.24,26
1777,12,768.32,38
1777,6,716.24,18
1777,24,963.04,41
1777,10,74.26,44
1777,15,624.62,92
1781,24,469.02,69
1781,10,769.96,71
1781,0,769.47,57
1781,18,323.10,36
1781,7,667.07,95
1781,12,604.05,61
1781,3,125.68,51
1784,12,198.95,62
1784,11,589.86,32
1784,1,266.96,20
1784,10,151.06,21
1784,21,345.10,85
1784,3,916.07,38
1784,16,867.68,42
1784,8,475.63,32
1785,17,506.68,68
1785,21,268.45,71
1785,14,52.58,66
1785,20,47.71,0
1785,1,346.06,5
1785,8,383.12,17
1785,13,462.19,67
1785,6,788.98,35
1787,16,554.78,41
1787,10,907.50,46
1787,5,265.98,88
1787,6,979.31,46
1787,24,168.49,42
1787,15,13.40,33
1787,21,860.60,76
1788,6,938.41,87
1788,18,227.31,81
1788,12,131.71,82
1788,14,522.76,99
1788,11,298.20,44
1788,10,471.13,24
1789,12,537.70,16
1789,4,689.16,95
1789,10,69.48,100
1789,11,349.46,76
1790,14,744.52,41
1790,23,569.94,75
1790,10,456.75,69
1790,3,77.94,87
1790,12,792.38,90
1790,6,409.33,18
1791,17,41.32,39
1791,15,205.31,82
1792,2,654.72,76
1792,0,55.93,42
1795,8,190.18,81
1795,23,619.71,21
1795,15,209.65,69
1795,11,921.60,68
1799,18,875.21,43
1799,6,963.58,52
1799,9,17.75,16
1799,1,801.55,74
1799,4,554.68,53
1799,3,119.69,32
1799,20,10.76,45
1799,19,529.68,51
1799,8,860.38,92
1800,3,869.98,4
1800,24,191.94,60
1800,6,373.83,77
1800,1,32.51,98
1800,4,469.21,70
1800,17,413.83,34
1800,19,917.00,69
1800,7,97.12,81
1802,20,191.67,93
1802,18,51.85,80
1802,7,566.84,90
1802,6,208.16,66
1802,13,178.25,52
1802,12,549.37,10
1802,16,292.80,67
1804,9,293.60,44
1804,11,841.10,8
1804,22,259.94,10
1804,21,509.78,75
1804,6,176.35,90
1804,0,692.57,31
1804,5,366.61,35
1804,16,360.13,1
1811,10,98.52,58
1811,24,459.69,18
1811,18,431.50,75
1813,5,727.20,67
1813,7,754.53,99
1813,14,447.71,68
1813,20,615.84,59
1813,4,591.62,32
1813,21,959.20,62
1813,10,948.70,24
1813,23,208.47,2
1814,3,708.90,21
1814,4,576.28,38
1814,14,666.14,55
1814,5,19.45,100
1814,22,505.51,97
1814,20,465.75,73
1815,7,1.10,91
1815,19,248.13,80
1815,23,615.02,22
1819,2,682.38,15
1819,5,72.28,61
1819,4,230.17,44
1819,3,268.99,100
1819,24,552.16,28
1819,10,469.21,84
1819,8,197.87,46
1820,18,751.95,58
1820,4,16.21,52
1820,6,18.16,34
1824,13,636.26,81
1824,21,484.89,71
1824,16,5.13,33
1824,23,355.24,35
1824,6,527.99,58
1827,11,491.22,27
1827,10,142.75,77
1827,1,521.59,76
1827,12,401.00,11
1827,7,669.16,52
1827,22,245.52,16
1827,5,872.74,36
1827,0,899.96,56
1832,22,707.08,38
1832,21,762.49,16
1833,22,303.86,66
1833,10,138.06,0
1833,3,302.36,57
1834,8,826.91,44
1834,0,496.16,42
1834,7,982.79,59
1834,19,700.27,81
1834,6,668.16,66
1834,13,981.86,32
1834,22,533.31,65
1835,9,545.33,94
1835,21,109.87,85
1835,15,46.14,39
1835,23,273.70,68
1835,16,30.62,38
1835,18,12.08,58
1835,14,993.60,14
1835,13,717.83,55
1836,16,403.97,1
1836,20,348.04,9
1836,3,236.66,85
1836,1,637.75,87
1836,7,995.35,100
1836,0,247.17,56
1836,13,931.03,50
1838,8,915.60,34
1838,15,425.43,81
1838,0,530.64,3
1839,4,946.56,65
1839,12,623.62,3
1839,9,971.75,27
1839,22,204.38,96
1839,13,508.54,60
1839,1,665.96,70
1839,20,149.83,58
1841,16,256.96,12
1841,18,649.08,29
1841,0,634.56,61
1841,2,692.05,60
1841,13,446.95,22
1842,21,308.61,70
1842,16,68.91,65
1843,6,657.85,66
1843,3,156.05,53
1843,0,25.83,36
1843,1,798.49,9
1843,21,707.16,16
1843,12,547.24,36
1843,19,380.32,92
1844,8,388.49,33
1844,7,703.14,79
1844,3,56.44,97
1844,18,589.42,56
1845,19,877.08,65
1845,18,735.23,98
1845,17,241.10,18
1845,4,586.15,50
1845,24,176.43,20
1845,3,919.11,45
1845,14,605.11,26
1845,23,955.84,58
1850,24,360.90,22
1851,5,315.15,67
1851,19,971.00,72
1851,23,463.11,76
1851,3,413.47,77
1854,4,889.98,59
1854,17,794.36,89
1854,14,614.00,81
1854,19,59.48,9
1855,14,570.33,16
1855,2,589.55,78
1860,22,240.89,92
1863,18,247.00,9
1863,6,176.53,74
1864,11,507.90,92
1864,0,70.37,50
1864,1,517.15,58
1864,6,376.45,38
1864,2,889.53,20
1864,13,883.45,26
1871,17,150.40,74
1871,3,841.27,6
1871,21,302.34,19
1871,15,351.82,82
1871,23,85.35,5
1871,1,960.81,23
1871,12,127.88,34
1871,0,3.96,57
1871,24,238.57,5
1872,18,999.27,14
1872,23,5.10,40
1872,4,240.32,36
1872,14,971.65,46
1872,20,68.65,63
1872,1,247.16,37
1872,5,696.60,13
1872,19,933.60,16
1872,21,361.41,11
1874,3,311.83,59
1874,14,642.96,55
1874,9,139.06,45
1874,7,793.51,36
1874,2,118.45,26
1874,12,782.17,99
1874,4,592.02,78
1878,8,569.68,50
1878,11,154.08,20
1878,19,865.54,27
1878,10,446.95,93
1878,3,978.47,77
1878,6,483.76,50
1879,9,887.98,70
1879,19,703.35,33
1879,24,845.29,12
1879,12,48.88,90
1879,16,643.41,66
1879,22,454.77,23
1880,10,915.96,1
1880,16,611.12,53
1881,21,551.65,60
1881,12,533.44,53
1882,8,836.05,2
1886,4,12.06,3
1886,17,95.55,37
1886,23,815.82,6
1886,11,686.67,54
1886,21,154.83,11
1886,13,250.54,94
1886,14,742.93,36
1886,10,439.42,32
1886,12,611.81,19
1889,4,5.94,91
1889,7,64.49,14
1889,3,584.74,39
1889,11,371.80,68
1889,9,869.04,0
1890,6,426.27,38
1891,22,103.68,29
1891,20,662.62,53
1891,7,232.71,27
1891,18,217.64,93
1891,8,499.99,47
1891,2,705.59,48
1891,15,254.97,27
1891,0,650.06,10
1893,17,427.35,30
1893,5,887.08,100
1893,15,942.77,92
1893,14,763.89,48
1893,24,812.79,68
1894,7,77.08,81
1894,9,496.52,91
1894,19,724.61,32
1894,4,353.85,97
1894,0,129.78,57
1894,2,144.39,29
1894,11,177.00,83
1894,3,59.90,62
1894,23,468.38,55
1896,3,932.46,18
1896,22,214.84,87
1896,10,872.49,46
1896,12,498.95,97
1896,1,508.34,82
1900,11,767.71,56
1900,10,179.51,71
1902,2,669.98,87
1902,24,873.94,86
1902,12,694.21,83
1902,13,900.81,13
1902,21,61.47,61
1902,11,97.19,38
1902,18,998.32,46
1902,4,269.07,37
1905,23,850.28,56
1905,24,451.85,38
1905,5,225.91,73
1906,9,265.26,64
1907,12,849.79,26
1907,23,762.57,16
1907,14,914.28,6
1907,19,690.79,87
1907,13,496.69,3
1907,9,515.66,58
1907,20,570.30,17
1907,5,802.80,31
1907,4,462.96,88
1908,14,834.05,73
1908,10,674.81,24
1908,21,728.11,86
1908,20,729.16,57
1908,6,106.16,23
1908,7,457.35,26
1908,17,445.81,90
1908,24,541.53,58
1908,8,673.82,75
1909,0,268.97,62
1910,11,944.01,4
1910,15,308.34,100
1915,5,1.57,85
1915,20,752.70,69
1915,21,598.54,56
1915,1,814.90,41
1915,2,797.94,93
1916,10,699.92,8
1916,5,643.49,46
1918,24,987.56,100
1918,4,10.91,43
1918,1,557.06,18
1919,5,998.17,93
1919,23,247.25,99
1919,17,87.21,23
1919,11,140.94,90
1919,18,722.14,48
1919,7,508.48,32
1919,3,753.88,8
1921,9,449.45,92
1921,14,490.58,23
1921,4,923.89,28
1921,3,430.46,4
1921,23,46.27,36
1921,1,53.88,89
1922,13,508.88,60
1922,4,445.18,26
1922,23,173.39,14
1923,11,860.36,21
1923,23,794.28,71
1927,2,518.40,48
1927,16,901.21,52
1927,0,320.01,84
1927,14,708.41,63
1927,8,766.03,37
1927,21,912.57,2
1927,5,439.71,38
1929,2,631.06,96
1929,0,310.28,95
1929,1,254.77,54
1929,7,793.31,25
1929,9,627.70,10
1929,17,61.44,7
1929,14,300.43,93
1932,3,75.22,31
1932,15,578.43,65
1932,8,663.29,95
1932,16,133.09,61
1932,13,4.59,36
1932,22,298.72,91
1932,20,237.56,4
1932,23,423.92,46
1933,15,558.78,79
1936,16,535.18,39
1936,4,596.03,85
1936,13,541.75,5
1947,5,112.88,72
1947,14,451.24,19
1949,16,291.32,10
1949,11,546.30,100
1949,10,462.19,50
1949,14,736.91,71
1949,20,295.43,11
1950,11,931.55,47
1950,16,484.69,26
1952,19,83.79,48
1957,4,432.75,14
1957,15,331.11,31
1958,23,91.27,94
1958,11,779.23,26
1958,12,6.57,20
1958,15,939.81,84
1958,7,971.80,86
1958,18,364.61,59
1958,8,755.56,97
1958,1,400.84,99
1958,24,621.37,18
1959,19,11.41,74
1959,3,558.32,96
1959,13,778.84,23
1959,22,388.40,46
1959,11,572.73,1
1959,16,972.18,33
1962,3,253.21,12
1962,1,898.72,94
1962,19,178.44,22
1962,14,846.10,76
1965,23,716.22,18
1965,17,890.62,9
1965,12,220.94,87
1965,14,650.85,44
1965,7,976.62,50
1965,4,730.80,19
1965,18,816.05,21
1971,1,56.67,76
1971,18,396.92,38
1971,12,669.58,76
1971,21,560.74,77
1971,3,664.95,92
1971,9,208.95,99
1974,13,269.62,52
1974,24,994.80,87
1974,18,284.39,39
1975,1,653.05,28
1975,13,174.60,67
1975,12,718.16,92
1981,9,14.83,6
1981,3,281.97,72
1981,22,109.57,81
1981,14,346.32,73
1981,17,107.03,6
1982,21,846.43,43
1982,23,930.60,37
1982,7,292.57,30
1983,21,847.44,67
1983,23,516.25,23
1983,16,696.61,69
1983,8,406.24,42
1983,0,170.46,86
1983,2,558.79,93
1983,4,707.72,70
1984,23,621.43,97
1984,22,558.16,16
1984,5,448.84,72
1984,4,602.84,68
1984,9,972.31,32
1984,16,512.69,87
1984,3,138.33,28
1984,24,524.63,84
1986,6,437.82,9
1986,9,227.08,85
1986,2,757.12,92
1986,17,716.56,41
1987,1,815.08,42
1987,0,777.90,11
1987,7,370.75,25
1987,11,795.23,0
1987,5,834.32,2
1987,22,427.99,22
1987,18,731.63,25
1988,7,661.71,61
1988,21,659.66,0
1988,18,586.33,2
1988,11,581.17,23
1988,6,561.67,10
1988,3,152.94,96
1988,0,827.41,6
1988,24,793.46,31
1989,5,843.27,88
1989,12,759.71,13
1989,11,872.04,85
1990,23,461.85,9
1990,7,618.04,57
1990,21,931.89,88
1990,1,532.03,90
1990,22,218.03,60
1991,4,42.90,99
1991,16,708.56,59
1991,9,948.28,74
1993,11,281.33,59
1994,24,345.00,90
1994,10,98.16,85
1994,0,330.06,93
1996,15,219.45,40
1996,16,20.18,19
1996,10,652.96,46
1996,7,956.33,58
1996,12,290.77,56
1997,7,59.04,18
1997,3,270.94,89
1997,11,504.43,84
1997,5,203.08,51
1997,20,606.58,50
1997,4,850.69,82
1997,21,231.48,34
1998,8,174.31,42
1998,7,865.44,24
1998,13,6.34,88
1998,15,917.44,81
1998,24,726.73,44
