147,33,0,702.72,21,false,
157,1842,21,182.30,47,true,1974-06-30 18:35:37
85,423,1,693.74,64,false,
2,780,14,284.69,74,false,
90,1129,2,28.76,26,false,
427,1251,5,725.01,97,true,2016-02-10 06:01:50
176,717,10,609.22,30,true,1984-11-18 16:34:01
355,424,16,917.77,37,true,1989-09-25 23:00:08
462,271,18,903.12,45,true,1981-10-29 03:15:02
209,836,17,857.23,10,false,
194,1689,10,505.26,45,true,1985-11-04 02:36:14
301,806,17,655.42,14,true,1991-12-16 19:50:50
223,875,5,243.08,40,false,
109,17,6,775.95,75,false,
186,1078,0,738.61,95,false,
291,302,3,760.70,20,true,1983-05-15 03:48:32
137,1909,0,550.20,40,true,1982-12-31 13:35:05
418,1287,24,300.72,76,true,2000-09-09 06:18:47
186,259,10,35.39,58,true,2001-10-19 03:12:03
338,424,16,486.40,50,false,
52,1527,7,117.26,14,false,
269,107,21,280.55,96,true,2001-06-26 13:25:57
165,1994,10,419.20,61,false,
44,1777,23,63.94,53,true,2005-09-24 03:08:07
424,1529,4,817.02,36,true,1971-07-14 00:31:35
90,671,12,675.94,51,false,
141,351,14,90.20,89,false,
335,58,6,100.90,10,true,2017-06-27 02:02:13
263,672,17,711.61,15,true,1987-10-25 15:02:37
186,1166,13,294.40,78,false,
355,124,1,330.27,47,true,1990-05-18 13:41:19
336,1709,8,167.27,28,false,
409,1843,12,412.25,53,false,
16,1553,10,10.39,29,false,
102,1053,10,50.98,29,false,
440,668,16,153.80,72,true,1972-11-06 10:22:06
382,449,13,696.60,3,true,1983-02-10 10:12:03
33,1069,15,904.67,48,true,2008-12-04 05:08:54
114,511,19,225.44,67,true,2015-01-15 10:53:39
300,1327,19,81.60,87,false,
61,1380,14,0.93,24,true,2012-12-26 20:38:32
499,418,19,474.97,57,true,2017-04-13 16:53:03
82,1614,20,905.38,75,true,1985-07-02 15:51:10
237,1034,18,211.15,51,false,
287,1545,22,934.41,61,false,
352,1097,22,107.48,20,true,1996-09-25 14:36:48
295,271,18,595.24,57,false,
227,1106,23,554.92,32,false,
74,1558,13,151.60,6,true,2000-05-25 18:15:46
349,1529,11,158.74,83,false,
377,134,12,117.90,93,false,
382,17,3,601.26,46,true,1994-05-15 09:38:21
73,1881,21,173.60,40,true,1976-01-25 11:11:47
393,593,9,644.67,28,false,
116,1839,12,666.22,7,true,2002-11-06 11:35:04
226,1154,12,435.81,37,false,
389,1437,7,401.22,72,false,
349,1708,3,549.55,0,false,
405,1932,8,98.59,54,true,2013-10-07 15:18:15
369,482,1,337.32,98,true,2012-04-19 08:41:10
428,664,13,584.94,26,true,1989-01-04 23:24:21
208,100,19,913.75,89,true,1974-06-06 18:23:57
27,91,6,394.43,11,false,
5,1535,4,217.74,27,true,2013-05-10 00:35:00
357,998,5,161.87,16,true,2020-08-04 03:24:17
93,798,20,945.34,3,false,
33,875,20,562.56,76,false,
204,1237,23,451.95,4,true,1982-06-27 21:14:36
348,835,0,916.44,90,true,2013-07-06 09:41:13
74,668,16,305.16,37,false,
372,1527,22,110.03,70,true,2011-03-18 11:17:09
349,1723,2,950.09,22,false,
310,137,15,264.89,41,false,
148,240,23,915.78,54,false,
484,833,19,812.35,26,true,2002-08-18 07:57:04
397,1666,11,377.97,51,true,2018-12-01 23:35:12
350,1587,22,0.44,67,false,
50,749,5,561.71,11,true,1975-11-30 17:35:06
247,1078,18,120.35,4,true,2020-06-14 15:24:06
323,1827,10,698.91,13,false,
8,962,21,564.42,31,true,2011-12-21 13:44:27
151,978,9,695.59,19,false,
258,541,2,356.94,63,false,
189,365,2,860.99,53,true,1991-09-13 13:16:20
344,353,6,740.13,42,false,
171,1153,10,150.48,11,false,
47,404,7,986.41,90,false,
97,1375,18,248.81,12,false,
72,77,1,484.84,51,false,
229,890,14,534.30,51,true,2013-05-25 06:03:22
461,586,22,102.14,12,false,
390,1638,0,623.87,49,false,
403,478,20,224.37,39,false,
253,1789,10,573.96,57,false,
272,72,2,585.18,95,true,1987-08-02 04:02:34
308,1839,9,979.53,45,true,2020-12-10 18:42:34
61,1880,10,633.68,86,false,
410,1637,12,77.84,41,true,1982-08-07 04:04:36
180,876,6,114.86,49,true,1975-10-30 21:39:38
354,202,5,841.28,45,false,
205,953,14,117.89,0,true,2013-04-06 22:24:02
325,607,6,519.08,23,false,
222,1087,13,528.04,7,true,1987-11-09 09:52:51
17,753,4,13.19,21,true,1978-02-27 20:18:23
32,1683,12,315.57,24,false,
250,319,2,924.68,64,true,1975-01-26 13:44:02
22,1029,7,442.21,41,false,
268,847,14,38.94,63,false,
499,1777,12,838.21,25,false,
53,876,3,980.47,56,false,
391,183,17,144.41,29,true,2014-02-20 01:45:24
240,1752,3,21.42,52,true,1997-11-10 00:39:46
170,1989,12,888.61,72,false,
77,744,22,826.09,91,true,1984-07-08 02:02:52
122,1836,3,797.68,53,false,
96,334,1,833.47,14,false,
176,1590,10,869.83,4,true,2007-01-16 14:37:40
66,1832,22,364.28,87,false,
487,1553,10,904.31,69,false,
485,1142,13,154.77,20,false,
389,370,4,417.11,23,true,2005-03-10 15:47:56
115,872,19,73.71,39,true,1972-10-28 18:33:39
124,1585,13,994.68,22,true,1983-05-03 15:47:33
369,1881,21,803.78,84,true,1984-04-15 01:00:18
353,844,14,139.84,51,false,
330,1838,8,199.17,80,false,
483,409,15,578.32,98,false,
457,800,19,955.72,15,true,2019-01-10 04:20:01
234,1784,10,399.92,7,false,
431,1702,8,144.84,4,true,2008-01-28 17:23:47
289,1815,19,897.12,56,false,
195,851,17,766.58,91,true,2002-01-05 17:40:52
147,186,20,843.23,75,false,
208,1685,12,525.17,54,false,
135,1630,23,253.31,25,false,
333,1178,7,481.55,12,false,
124,241,4,39.04,97,false,
277,1142,7,680.46,8,false,
479,120,10,580.44,14,false,
285,235,3,197.61,87,false,
24,1987,18,953.73,61,true,1973-07-16 06:17:33
29,612,10,869.91,24,true,2003-06-10 00:20:07
160,594,16,985.01,38,false,
187,1792,0,819.69,64,false,
133,1143,10,519.91,69,true,1999-01-28 18:11:58
385,1457,19,41.27,18,false,
259,437,1,276.15,34,false,
416,120,16,101.11,82,false,
70,1746,4,604.25,78,false,
91,1747,16,31.00,17,true,2020-07-06 09:44:00
474,242,11,531.00,98,true,1984-09-24 18:48:35
294,501,8,871.67,68,false,
131,1033,9,448.90,2,false,
498,1430,22,719.73,25,false,
70,1855,14,796.20,60,true,2016-04-15 04:21:24
83,1878,3,745.58,59,true,1970-11-28 19:33:18
318,1428,0,165.18,59,true,1975-02-16 23:00:48
363,1375,18,193.82,86,true,1999-09-30 00:25:40
381,70,2,139.17,82,false,
140,586,7,299.43,31,false,
347,454,0,554.67,72,false,
416,548,17,631.16,10,false,
294,1362,5,195.35,41,false,
182,998,7,304.15,23,true,1984-06-20 01:21:29
102,862,8,813.82,46,false,
401,242,6,153.14,91,false,
192,306,2,369.86,96,false,
87,1058,20,847.99,69,true,2011-01-28 00:28:59
325,1702,11,391.45,23,true,1999-03-07 09:28:29
456,1100,1,995.75,34,false,
45,1273,18,32.66,74,true,2002-05-04 06:14:00
110,1405,20,829.49,94,false,
72,916,10,766.86,49,true,2019-01-21 15:23:59
146,508,20,360.58,0,true,2017-10-20 15:53:25
342,681,3,810.85,98,false,
73,836,5,328.14,25,false,
36,340,8,245.79,24,true,1978-02-05 23:19:27
7,147,5,574.23,17,true,1974-01-14 11:58:06
257,1450,1,221.46,28,false,
286,318,12,835.45,53,false,
466,854,7,323.34,29,true,1996-05-12 14:56:38
114,681,6,745.04,93,true,2001-05-15 02:26:05
415,311,4,461.10,88,false,
178,345,11,726.48,4,true,2002-05-04 14:39:50
138,873,18,537.55,78,false,
262,173,19,591.79,40,true,2004-05-13 07:07:22
398,147,24,915.90,71,true,1980-10-19 18:55:38
209,271,18,233.24,13,false,
246,1098,14,772.53,85,true,2002-12-13 04:58:19
302,1994,10,276.43,85,false,
77,1602,1,513.42,97,false,
208,416,14,564.60,97,true,1987-09-12 00:02:47
266,1119,5,201.37,97,false,
166,1864,1,516.34,7,true,1971-10-07 01:04:48
122,109,16,314.64,21,true,1988-08-16 16:33:06
335,282,6,472.47,32,true,2010-04-15 08:48:05
124,1681,14,34.78,99,false,
491,209,6,632.29,93,false,
115,553,24,283.01,20,false,
224,851,15,846.04,79,true,1996-04-24 22:57:09
180,388,1,154.59,59,false,
246,1201,3,648.73,48,true,2009-02-04 20:14:02
241,1082,14,809.40,45,true,1979-07-11 07:35:50
199,373,12,44.34,62,false,
461,261,15,681.45,14,false,
294,696,0,914.35,69,false,
171,867,16,693.88,37,false,
375,481,8,767.71,52,true,1973-07-25 23:43:59
304,678,1,515.59,6,false,
475,1827,11,265.11,7,false,
470,856,5,297.50,30,true,2001-09-17 14:38:05
467,340,0,355.17,77,false,
333,456,2,726.95,25,false,
232,856,2,365.80,52,true,1990-10-10 16:23:46
202,1032,6,88.27,68,false,
215,554,19,288.12,13,false,
429,540,18,755.05,26,false,
335,192,14,376.47,80,false,
77,706,14,542.27,30,false,
71,864,8,808.49,13,false,
438,214,18,424.51,75,true,2007-10-09 00:40:42
29,1689,23,213.35,56,true,1987-05-23 20:08:58
474,1005,11,228.84,10,true,2016-09-12 22:17:45
151,694,10,113.12,18,false,
158,1385,20,800.15,44,true,1970-06-17 16:13:27
358,680,22,13.84,37,true,2003-02-08 02:51:58
436,599,14,161.93,46,false,
96,766,22,118.67,52,false,
381,379,24,500.54,56,true,1975-10-02 21:23:28
113,380,4,735.94,91,true,1986-11-30 22:23:51
479,1613,20,48.05,45,true,1999-05-14 17:11:15
460,170,0,220.22,46,false,
346,1774,6,881.75,0,false,
346,1393,14,791.45,94,true,1975-08-09 13:16:43
96,1699,17,596.18,4,true,1981-02-09 17:33:25
152,309,4,734.81,18,false,
223,1380,1,522.81,36,true,2018-04-05 01:03:42
132,311,4,341.84,45,true,1998-01-09 02:06:50
224,1950,16,869.31,93,false,
324,1489,13,879.91,29,false,
415,957,4,394.46,20,false,
267,1907,4,828.54,88,false,
209,993,19,506.04,62,true,2010-05-05 21:36:45
152,584,16,425.35,72,true,1999-04-04 17:49:28
214,1820,18,923.18,93,false,
433,1947,5,512.29,98,true,1981-08-02 22:58:45
340,508,12,669.56,45,true,2008-08-10 09:35:34
199,1834,13,705.70,86,false,
369,1112,9,805.56,86,false,
426,388,14,618.09,39,true,1994-11-13 00:43:40
428,891,18,537.28,86,true,1990-01-21 06:55:03
52,123,19,909.56,8,false,
313,227,16,451.25,77,true,2008-11-11 02:14:33
407,263,6,774.38,28,true,2010-02-26 22:02:24
442,1842,16,244.70,40,false,
367,1094,1,587.48,38,true,1999-07-22 06:30:31
127,13,8,394.70,23,false,
95,1293,19,156.16,5,false,
98,1283,15,823.42,100,true,1995-05-12 01:07:28
33,1033,15,196.88,37,false,
203,343,1,556.43,12,true,1995-08-12 12:17:07
26,1569,4,746.69,22,false,
247,277,12,117.76,57,true,1982-09-12 17:00:15
492,876,2,454.96,48,true,2017-07-02 04:29:02
215,311,4,655.83,95,true,2013-06-17 18:11:27
227,783,15,492.33,70,true,1995-09-16 14:53:05
193,1295,10,443.91,39,true,1978-07-04 11:00:18
210,1052,16,961.95,83,true,2003-07-06 01:17:25
132,1832,21,30.68,23,false,
396,793,11,642.57,65,true,1988-12-21 16:35:07
184,1863,6,272.09,0,false,
431,347,0,952.87,21,false,
255,740,12,111.11,92,false,
449,124,23,830.10,27,true,1979-05-30 14:34:45
139,678,19,406.63,53,false,
369,1210,18,869.54,78,false,
110,460,9,167.10,10,false,
183,1530,16,176.55,42,true,1988-06-25 03:17:02
0,1076,11,94.22,39,true,1998-11-05 19:47:38
162,542,11,567.26,62,false,
199,359,3,54.13,89,true,2002-01-27 00:41:04
440,1676,12,808.98,51,true,1975-06-15 09:03:54
456,1723,21,923.61,2,true,2018-03-05 06:27:48
68,1814,20,188.51,58,true,2018-11-16 19:39:02
183,214,18,192.78,6,false,
497,781,5,626.77,87,true,2012-09-20 09:48:01
37,1648,15,820.36,36,false,
58,581,11,147.59,71,false,
379,1266,24,799.18,61,false,
413,794,24,489.84,50,true,1983-03-22 23:43:00
338,1958,12,361.26,6,false,
253,886,16,803.83,43,false,
237,1455,5,733.65,69,false,
251,1405,0,631.94,12,true,2002-10-24 09:02:03
180,1623,14,779.05,13,true,1997-01-13 21:49:43
35,373,12,325.95,42,true,2015-06-23 18:53:35
9,781,20,226.36,47,true,2006-10-26 00:40:46
62,78,21,943.72,69,false,
109,345,24,421.64,96,true,1998-07-15 06:02:24
162,592,22,178.88,11,false,
176,414,1,412.93,27,true,1987-05-19 17:32:37
248,1085,13,485.83,18,false,
23,220,21,345.42,63,false,
202,369,1,846.08,83,true,2006-02-10 05:59:24
190,184,3,279.29,32,false,
473,581,22,838.32,58,true,2004-09-04 04:12:09
230,885,10,894.79,94,false,
388,413,8,340.11,1,true,2018-01-05 20:38:52
126,1086,19,977.75,89,false,
285,1922,4,357.27,57,false,
16,288,15,827.50,25,false,
10,1986,9,338.58,92,true,1999-03-23 17:37:23
7,1608,7,957.10,91,false,
189,833,21,809.52,66,false,
422,1871,21,911.95,7,false,
45,1385,7,513.85,20,false,
137,1750,19,852.08,48,false,
50,267,20,158.56,62,false,
427,1933,15,256.72,14,true,2009-11-26 12:52:50
376,1675,5,627.47,17,true,2019-02-04 11:10:36
378,1842,21,696.37,60,false,
283,1710,12,350.72,15,false,
70,845,3,770.09,95,true,2008-02-28 00:19:23
109,799,11,275.10,5,false,
498,993,6,338.92,99,true,1971-01-13 08:22:22
400,306,13,824.64,87,false,
404,748,14,4.24,19,true,2021-04-22 21:17:47
449,1179,24,502.14,17,true,1977-10-31 09:43:46
191,1480,19,784.39,69,true,2018-11-22 03:25:23
211,985,17,663.31,11,true,2010-12-04 23:36:30
30,170,5,158.16,93,false,
124,4,6,588.87,34,false,
379,353,11,853.11,25,false,
254,224,7,254.99,86,true,1989-12-23 01:00:52
206,471,15,925.77,45,true,1980-07-25 11:43:51
142,1100,1,197.72,94,true,1994-08-05 18:39:07
88,962,21,736.43,97,false,
227,362,20,961.46,26,true,2000-05-03 13:44:32
56,1881,21,648.70,77,false,
482,608,8,681.41,28,false,
202,1764,2,823.44,73,false,
240,1055,3,899.38,46,true,1991-06-08 03:07:11
370,1915,20,4.59,16,true,1991-03-23 23:38:39
116,1909,0,919.64,6,true,1979-02-05 18:29:23
326,1546,18,723.86,29,false,
491,956,11,370.83,42,true,1983-03-01 10:48:39
211,1442,3,380.93,33,false,
96,1526,12,494.00,81,true,1975-08-23 09:18:47
42,1774,7,117.71,56,false,
313,81,24,765.59,61,false,
186,1095,6,78.49,0,false,
285,656,13,573.81,32,false,
311,1909,0,501.00,25,true,1987-06-13 15:51:56
417,347,0,961.81,99,true,1988-10-19 06:37:39
114,156,23,107.43,4,false,
380,1,5,174.65,56,false,
146,710,5,761.09,86,false,
426,668,16,270.70,36,true,2013-08-04 13:36:02
54,1444,8,433.47,4,true,1995-07-05 06:34:19
420,1146,16,185.43,6,true,2005-10-17 13:57:02
70,1792,0,168.27,28,true,2012-03-19 15:29:43
465,671,10,307.61,1,true,2011-06-25 15:49:43
302,1181,3,794.62,50,false,
68,814,9,779.51,55,true,1970-04-20 04:15:19
83,251,8,877.34,84,false,
118,1990,23,238.97,69,true,1991-03-30 01:12:34
285,439,15,844.20,52,false,
311,1811,24,519.88,35,false,
178,1200,5,333.63,67,true,1998-07-15 03:17:37
17,852,0,939.73,43,false,
469,70,20,801.17,46,false,
206,925,0,828.01,72,true,1971-10-04 22:52:42
51,252,11,410.70,70,true,1981-11-01 13:28:22
371,543,13,818.49,60,false,
321,1255,10,295.92,68,true,1987-11-05 05:58:36
414,925,7,45.33,33,false,
149,1378,19,453.86,46,true,2005-11-27 04:29:36
31,893,0,45.92,36,true,1970-02-26 19:01:43
139,1043,8,897.08,37,true,2019-06-06 11:07:28
170,1440,23,462.79,84,true,1990-09-18 11:17:51
403,1916,10,821.91,61,true,1992-03-05 17:06:55
21,310,6,120.47,1,false,
432,1335,16,832.33,20,true,1982-08-14 15:36:17
90,1443,20,324.54,90,false,
274,12,5,460.56,97,true,2015-04-13 09:17:11
391,959,2,864.44,46,false,
377,778,19,54.56,12,true,1995-04-23 09:04:50
75,599,11,705.54,82,false,
493,249,3,812.47,74,false,
98,1513,20,609.57,72,true,2020-09-18 04:51:13
350,568,15,359.56,2,false,
141,1170,8,3.96,12,false,
87,1220,24,898.84,71,true,2004-01-03 05:26:15
73,1053,17,569.19,76,true,2004-07-22 22:11:40
420,919,12,805.29,69,false,
433,26,9,379.38,23,true,2000-02-26 23:03:01
193,1777,15,565.07,62,false,
101,568,8,61.71,15,true,1987-11-16 15:50:17
295,251,12,643.97,57,true,1982-05-10 15:43:04
52,1024,7,273.95,38,true,2020-01-27 20:28:05
371,671,8,81.14,44,false,
190,1591,3,806.62,91,true,2007-09-17 11:53:14
339,1335,3,558.16,88,true,1975-12-29 01:11:08
113,1668,15,576.46,100,true,2002-04-30 02:43:31
276,1281,6,410.92,3,true,1985-11-16 17:58:20
438,746,23,531.16,21,false,
170,739,16,635.45,33,true,1990-09-06 23:34:39
182,1206,3,166.08,2,false,
426,1445,14,403.80,78,false,
300,887,22,628.36,81,false,
185,982,19,618.40,100,false,
479,1122,11,137.21,32,false,
114,671,6,946.34,81,true,1994-07-02 12:27:09
166,325,6,17.58,74,true,1985-09-03 20:20:03
66,1440,23,984.43,27,false,
347,830,14,289.43,99,true,1989-05-05 08:40:29
218,1608,7,515.59,57,false,
30,1275,21,688.87,12,true,1997-09-25 07:02:26
374,1882,8,301.56,39,false,
323,1076,21,875.40,98,true,1992-10-26 22:13:06
294,280,8,943.42,25,false,
88,708,22,362.73,67,true,2021-10-30 11:38:48
212,989,1,510.54,4,true,2010-02-17 19:02:19
39,1838,8,959.86,5,true,1998-10-18 05:33:46
455,853,8,659.77,88,true,2009-06-09 08:16:33
319,502,23,389.33,36,true,2014-10-06 07:29:35
447,749,5,19.36,77,false,
245,695,16,232.26,48,false,
151,425,3,122.90,79,false,
272,1274,20,507.02,68,false,
442,1480,15,308.61,84,true,2001-11-06 21:45:01
201,953,23,807.89,25,true,1980-10-11 02:58:53
138,238,19,8.03,12,false,
460,1687,10,586.53,63,false,
167,1550,16,544.61,24,true,2001-12-30 00:19:53
464,1349,7,546.19,52,false,
22,1053,2,738.68,19,false,
469,1630,5,495.11,53,false,
313,1532,0,358.79,25,true,2004-03-29 04:47:59
423,997,11,506.26,16,false,
324,1319,2,455.64,26,true,2020-11-27 07:37:26
300,313,17,756.68,100,true,1977-11-27 21:07:42
283,557,8,399.51,53,true,1970-03-08 04:35:42
47,474,20,551.28,19,false,
99,634,20,932.14,15,true,2005-06-27 02:42:19
456,258,19,357.30,4,false,
42,71,20,155.52,58,true,1992-07-03 10:51:20
207,1348,11,220.43,2,false,
440,1795,15,502.58,10,true,1997-06-11 11:55:55
128,1850,24,37.83,41,true,1970-11-30 14:43:42
177,102,9,287.10,14,false,
94,1790,6,364.08,2,true,1974-12-11 18:41:12
197,19,5,114.62,37,false,
226,67,6,28.93,17,true,2010-11-13 18:13:12
390,696,9,902.60,12,false,
229,1258,2,60.00,31,true,1974-10-23 18:48:26
231,1642,11,49.35,94,false,
275,558,8,857.59,93,true,2019-11-26 12:38:51
235,1437,7,356.96,33,false,
13,1652,13,271.06,56,false,
374,1557,17,766.19,66,true,2015-02-01 20:22:24
462,1881,21,970.77,77,false,
325,1759,15,528.44,58,true,2014-10-07 02:19:35
216,519,9,583.40,77,true,2016-08-13 23:20:22
435,1166,16,685.14,33,true,1988-05-20 05:36:52
243,1121,24,841.51,49,true,2009-05-16 02:09:17
400,836,5,432.46,39,false,
452,380,6,821.85,17,true,2016-10-17 00:26:06
81,1725,17,402.30,5,true,2011-03-09 04:48:42
295,106,24,384.93,22,false,
126,873,20,252.13,8,true,2010-09-05 00:07:20
455,972,11,515.72,71,false,
314,1520,0,466.88,17,true,1972-01-15 15:24:13
255,488,7,528.68,74,false,
272,903,15,261.84,58,false,
19,89,5,772.47,3,true,1978-01-19 10:52:13
324,1519,7,79.37,77,true,1984-06-21 01:30:04
499,880,9,285.52,22,false,
113,1522,24,668.30,36,false,
460,1069,11,99.36,98,true,2012-03-01 15:15:48
66,77,24,524.67,60,false,
347,498,9,262.40,79,true,1983-11-12 14:51:15
488,455,4,998.27,85,false,
343,733,0,654.64,99,false,
159,1317,4,109.93,31,true,2011-10-27 01:23:27
160,456,19,848.57,38,true,1981-05-28 04:47:48
311,1528,7,191.62,22,true,1987-04-04 18:12:55
128,481,5,340.96,56,false,
302,53,10,664.52,11,true,1978-11-26 21:35:34
20,454,6,261.33,30,false,
234,951,24,183.18,24,true,2021-01-28 22:35:29
324,326,18,292.28,24,false,
353,482,1,850.52,92,false,
41,1986,6,144.54,10,false,
157,1949,10,950.43,97,true,1984-08-27 00:32:36
406,388,20,541.31,29,false,
308,1043,4,568.45,1,false,
280,1675,5,677.21,21,false,
371,1465,15,875.21,56,true,2009-05-16 01:36:30
168,455,3,757.75,21,true,2007-03-03 19:18:33
85,327,5,840.67,48,true,2011-08-11 00:57:32
472,1458,13,748.67,39,false,
15,1845,17,736.37,13,false,
453,1332,22,287.69,48,false,
7,1569,3,427.89,76,true,1990-07-09 07:40:59
245,193,14,850.15,77,true,2020-02-03 02:33:44
316,1916,10,962.14,22,false,
160,1053,2,725.46,6,false,
370,1465,15,938.25,77,true,1991-08-06 10:46:32
376,629,2,774.34,51,false,
101,680,22,380.65,88,true,1996-07-30 20:06:35
329,870,19,246.86,70,false,
469,1208,6,848.48,62,false,
345,330,18,752.56,31,false,
276,1546,18,767.56,70,false,
290,299,16,340.81,82,true,1980-01-20 13:06:41
7,1396,1,541.77,74,true,1992-10-12 01:01:09
175,681,10,200.95,93,true,1993-02-13 00:52:54
223,171,9,682.87,85,false,
102,754,18,792.91,62,false,
235,461,5,722.61,82,false,
290,749,5,70.43,62,false,
184,1511,18,984.55,38,false,
325,1855,2,335.55,82,true,1986-04-27 12:02:13
63,1982,7,863.48,81,false,
101,1413,23,640.66,45,false,
262,897,5,930.70,65,false,
52,72,1,645.30,85,false,
198,1583,17,348.21,7,false,
128,1275,21,123.69,70,true,1975-07-01 02:08:49
296,385,6,507.21,4,true,1999-09-20 11:40:38
292,620,14,274.05,22,true,2006-07-05 00:09:25
348,1056,13,23.49,15,true,2006-05-02 16:52:23
282,1121,13,235.68,56,false,
237,1981,9,551.87,60,false,
86,1311,5,711.50,86,true,1991-08-17 15:25:10
387,634,2,858.67,27,true,1985-07-23 04:00:59
308,1419,11,32.92,63,false,
406,746,4,956.30,97,false,
345,1872,20,58.36,2,false,
430,82,16,430.96,41,true,2022-02-13 19:30:50
70,1086,7,27.63,10,true,1973-07-12 00:13:14
193,1330,10,353.79,90,true,1987-06-30 03:59:11
418,485,2,227.44,37,true,1983-11-18 01:26:19
457,1451,6,278.09,56,false,
48,1450,0,378.47,33,false,
371,271,18,210.90,35,true,1978-05-21 14:01:00
460,260,9,254.51,64,true,1982-03-19 01:01:46
339,1522,15,437.93,2,false,
332,1839,1,537.93,62,false,
169,450,12,479.17,80,true,1996-01-29 19:16:38
120,814,9,84.89,71,true,2016-09-25 09:31:06
136,1034,9,558.10,99,true,1978-05-20 15:44:39
133,1034,23,157.83,96,false,
25,1094,22,466.78,69,false,
387,450,12,214.83,15,true,1976-12-06 13:43:34
152,597,16,461.08,96,true,2002-06-01 01:55:00
8,1416,8,300.49,16,true,1987-08-08 20:44:30
493,754,16,19.00,56,false,
179,1464,10,137.71,93,false,
191,249,2,160.88,89,true,1988-12-13 09:48:36
38,1483,7,485.15,99,false,
283,388,14,684.02,54,false,
251,876,7,128.98,99,false,
389,746,1,825.57,72,true,1998-06-09 12:02:54
230,1769,5,982.78,72,true,2018-08-13 20:53:29
243,1932,8,574.40,93,false,
311,298,11,676.79,27,false,
217,1430,13,546.21,10,true,2005-02-27 02:55:41
25,1087,2,662.04,74,true,1991-04-06 15:58:13
353,369,8,533.17,70,true,2005-07-06 15:38:49
85,1508,11,564.38,20,false,
495,1064,4,705.94,78,true,1986-06-08 17:21:07
278,15,19,829.31,36,true,1998-07-11 12:57:50
159,1384,17,513.25,38,true,2007-04-03 21:42:01
483,548,17,174.43,16,false,
318,854,7,718.73,34,false,
176,1764,11,365.96,72,false,
311,1271,17,331.19,98,true,2007-07-05 22:10:37
8,542,11,998.53,89,true,1989-01-08 12:39:32
1,1493,3,440.13,67,true,1994-03-10 15:54:59
435,173,2,107.06,81,false,
142,1768,8,46.99,59,false,
118,520,17,886.83,70,false,
276,1593,0,594.18,20,true,1986-04-18 12:40:31
127,1101,10,577.22,32,false,
31,1343,14,134.28,89,true,1987-07-18 23:22:00
491,1784,11,900.80,91,false,
10,1204,11,962.55,2,false,
144,903,20,5.81,89,false,
342,891,8,775.20,98,false,
207,357,18,688.03,18,true,1993-09-28 11:40:12
117,1893,17,330.49,92,true,1974-05-05 06:22:29
110,1860,22,974.21,34,true,1993-10-12 11:23:45
29,171,8,390.09,20,true,1989-06-14 13:00:16
46,842,11,138.14,20,false,
46,74,9,442.87,90,true,2003-06-17 12:23:20
306,482,6,560.61,68,true,1986-03-30 22:02:44
163,649,21,977.63,71,false,
424,773,9,194.09,56,false,
232,632,21,565.83,52,false,
375,44,9,142.51,86,true,2001-05-07 10:20:22
306,1405,0,810.62,45,false,
293,1311,5,400.43,10,false,
455,637,6,716.77,73,false,
161,1893,17,367.48,63,true,1986-11-04 09:57:31
468,942,8,535.56,93,false,
411,1653,1,35.05,31,true,1994-05-11 18:23:19
406,130,13,353.82,50,false,
64,1646,1,730.23,50,false,
73,972,3,985.47,54,true,1997-01-02 23:10:53
159,1767,19,591.04,41,true,1975-07-28 21:46:51
96,1211,8,788.79,23,false,
285,1299,10,235.92,47,false,
371,1404,15,482.42,20,false,
496,1710,12,83.46,95,false,
299,1316,9,609.22,44,true,2016-05-19 12:07:42
78,699,7,908.61,34,false,
366,1802,6,712.61,10,true,2018-06-12 18:38:32
365,951,3,990.79,6,true,2006-06-01 06:54:18
147,84,6,303.14,95,true,2015-06-27 16:13:38
439,689,21,879.32,90,true,1998-03-01 18:52:48
320,1231,19,512.24,52,true,2011-04-03 15:08:38
151,902,12,519.60,93,false,
411,1662,0,699.99,41,true,1980-12-10 16:23:03
35,317,15,876.48,38,false,
397,1518,1,428.96,33,true,2021-10-22 15:27:05
322,1293,8,682.57,80,true,1979-11-08 08:31:18
426,1918,1,909.95,28,false,
90,578,24,687.81,78,false,
486,314,22,347.93,24,false,
195,1271,0,155.78,69,true,2001-05-05 06:26:52
321,170,5,413.19,97,false,
34,542,7,901.56,35,true,1984-10-16 18:37:43
363,542,7,449.52,17,false,
155,1576,18,342.47,0,false,
272,1166,13,977.09,79,true,1994-03-21 02:10:06
291,537,22,674.70,39,true,1978-04-14 18:56:50
443,810,0,653.37,84,false,
260,1933,15,723.77,46,false,
167,1993,11,169.56,30,true,2017-03-19 12:24:14
81,1743,6,276.53,84,true,2010-12-22 01:36:12
461,834,10,380.19,25,true,2013-05-25 01:05:31
196,1833,10,36.32,90,true,2003-10-06 22:46:44
299,76,2,449.17,46,false,
53,1681,2,63.09,42,false,
197,1551,19,59.61,53,true,2020-06-09 21:06:08
324,1281,2,59.14,18,false,
136,1283,15,598.48,75,false,
83,326,15,762.16,57,true,1993-01-10 17:37:44
83,428,0,618.50,1,false,
82,1723,21,230.51,51,false,
273,1982,21,121.96,100,false,
367,1889,4,704.45,80,false,
126,1052,7,157.52,60,false,
457,1059,12,916.66,55,true,1990-11-09 02:42:07
205,923,21,172.46,57,false,
31,314,22,857.58,50,false,
331,1787,5,864.31,82,true,2008-07-18 16:49:53
468,1101,10,834.36,91,false,
262,103,9,951.55,18,false,
210,886,2,882.00,65,true,1971-03-29 05:39:34
382,351,23,218.75,51,true,2018-07-13 12:55:15
428,1741,21,130.87,45,true,1999-10-25 14:13:24
310,246,19,800.82,74,true,1972-01-01 05:11:36
219,1245,20,726.62,71,true,2013-05-30 00:43:50
215,940,17,290.12,92,false,
21,740,12,373.24,48,true,2007-03-22 00:04:17
155,997,11,746.20,26,true,1984-03-07 14:57:06
483,1176,17,448.48,28,true,2008-11-07 13:57:54
96,751,1,323.96,73,true,1995-09-23 16:40:17
352,1582,18,293.36,79,true,2013-10-07 18:16:22
409,1678,21,638.36,66,true,1996-08-24 17:32:33
485,342,24,951.03,70,true,2019-06-18 04:04:58
457,1464,23,469.05,23,false,
418,1550,1,528.91,25,true,1985-02-25 09:02:28
388,326,18,659.21,13,true,1994-07-12 02:49:53
485,953,14,169.64,28,false,
345,869,9,421.56,67,true,1978-09-12 09:37:43
124,607,9,472.96,1,true,1999-05-05 20:25:59
114,1710,21,368.98,31,false,
106,929,11,443.23,1,false,
433,1236,0,749.97,42,true,1986-02-21 08:43:57
245,996,15,909.63,8,true,2011-12-04 15:02:23
316,867,11,757.02,57,false,
274,751,5,457.75,95,true,1981-05-13 17:10:00
14,1815,7,850.84,41,true,2013-01-17 00:14:12
406,775,13,977.51,9,true,1978-04-01 14:29:18
201,1790,6,28.84,63,false,
259,1430,4,376.13,36,false,
106,1922,4,463.25,93,false,
276,1800,1,589.39,58,false,
194,1721,9,624.03,18,false,
353,1050,15,620.34,19,false,
315,1929,0,430.69,23,false,
449,1258,13,310.34,80,false,
251,1841,13,569.36,19,true,1996-04-26 20:37:12
226,327,13,157.64,48,true,1989-07-15 08:52:27
146,1583,11,513.24,28,true,2015-04-28 20:02:23
86,867,19,152.22,12,false,
391,660,15,80.60,27,true,1983-08-30 03:22:34
382,854,7,426.67,54,false,
207,1687,22,203.31,67,true,1973-03-28 20:56:49
217,1282,5,768.53,97,false,
178,168,20,357.02,49,true,2018-07-03 23:15:54
355,1170,13,207.43,6,false,
323,805,15,864.94,48,true,1978-08-15 00:22:20
158,1505,7,429.34,54,false,
158,1316,6,936.93,98,false,
407,242,0,172.81,3,false,
359,1600,22,144.74,38,true,2011-11-21 22:33:09
93,80,2,848.45,95,false,
473,1795,15,472.70,12,true,1994-10-17 08:19:31
300,1923,11,448.87,34,true,1971-11-29 02:32:15
369,249,22,760.80,87,true,1994-09-29 05:25:20
411,754,10,128.04,6,false,
395,306,13,904.72,6,true,1981-11-14 17:02:22
41,1158,24,874.57,57,false,
102,1768,6,188.78,57,true,1976-06-02 07:48:40
125,353,12,181.40,23,true,1982-10-09 14:32:56
307,682,9,545.96,59,false,
310,847,6,826.36,28,true,1986-03-13 18:55:19
275,1137,22,490.63,10,true,2021-01-08 16:05:13
6,553,24,211.84,19,false,
203,1894,2,195.59,47,false,
290,1525,6,40.18,44,true,1985-05-30 23:57:47
33,951,4,579.55,42,true,1994-07-20 09:25:52
473,1297,23,308.99,5,false,
344,1208,19,634.65,61,false,
18,258,19,53.05,84,false,
126,792,2,418.53,65,true,1999-12-09 13:15:59
346,416,19,4.00,54,true,1989-06-02 16:10:57
418,1178,7,745.52,19,true,2012-12-10 07:46:45
64,696,14,221.83,91,false,
441,1444,0,993.21,28,true,1974-09-28 20:21:23
264,1990,23,42.13,35,false,
490,1181,10,780.03,1,true,2008-07-16 17:21:02
425,1947,5,657.31,55,false,
65,44,1,524.76,19,false,
339,1278,22,299.30,52,true,1986-09-15 12:52:45
467,1477,11,909.06,86,true,2022-02-20 02:06:03
302,481,8,74.97,38,false,
374,1462,8,747.41,53,true,1980-11-23 03:16:48
219,1546,3,156.45,54,true,1986-01-13 00:32:54
353,1882,8,586.15,15,false,
190,1186,15,958.38,19,false,
21,1237,11,990.15,24,true,2007-10-21 04:36:05
87,498,0,739.85,18,false,
257,735,22,990.49,19,false,
448,1168,15,545.48,29,false,
468,164,23,620.83,48,true,2002-04-17 07:41:09
136,1910,11,860.90,28,true,2016-01-21 19:49:43
196,334,16,823.10,67,true,2005-01-10 12:25:32
465,84,6,211.16,71,false,
16,1405,20,579.89,67,false,
458,139,10,734.40,13,true,1997-01-26 22:57:06
398,727,2,550.92,46,false,
98,1590,10,871.87,96,false,
492,1907,5,978.30,91,false,
236,1743,6,316.63,1,false,
24,1553,22,82.58,26,true,1973-04-23 06:54:24
172,1035,22,589.24,86,true,1990-04-28 07:06:31
140,1835,9,102.30,75,true,2017-10-12 01:31:49
178,1814,22,720.30,9,false,
356,669,23,642.98,70,true,1995-12-22 13:50:37
99,1998,15,726.57,1,false,
30,1905,24,256.12,21,false,
180,1723,2,583.21,14,true,2020-02-21 19:18:38
403,1811,18,24.87,54,true,1985-03-11 02:35:44
195,1197,0,894.05,9,false,
204,248,20,627.65,71,false,
138,672,2,907.30,9,false,
61,584,1,847.95,77,false,
488,327,21,511.40,45,true,1984-09-27 19:04:40
298,32,1,356.23,14,false,
191,434,3,222.00,47,true,2015-12-11 13:34:34
122,523,18,117.51,98,true,1978-03-29 14:37:06
76,496,14,79.25,58,false,
225,341,21,327.08,28,false,
257,351,24,69.61,33,false,
5,1550,1,887.21,47,true,1979-03-20 05:35:46
152,142,14,266.64,57,true,2009-12-29 07:44:25
381,1206,3,764.84,11,true,1987-08-28 02:07:42
468,108,12,160.08,31,true,2000-02-26 06:15:46
98,742,13,48.70,85,true,2015-08-25 14:46:54
330,120,12,516.64,96,true,2017-07-09 13:29:51
69,1559,21,105.50,35,true,1988-02-04 04:01:09
492,771,16,946.96,70,false,
367,815,21,660.60,79,true,2002-04-16 04:22:58
115,794,13,978.59,56,true,1997-04-07 09:48:22
461,1262,0,503.15,47,true,2013-04-21 22:26:13
15,1698,0,832.90,73,true,2001-12-13 22:59:41
232,261,15,986.04,73,false,
10,1528,8,581.72,30,false,
159,1709,10,661.60,68,false,
44,957,23,30.08,64,true,1978-09-14 07:41:11
356,1473,7,483.82,46,false,
15,1458,15,996.30,68,true,2004-11-02 09:47:40
186,965,8,440.28,51,false,
167,71,20,689.81,43,false,
106,146,16,767.22,67,true,1992-08-13 05:23:40
271,1071,8,254.14,92,true,1997-10-11 05:10:24
14,1799,8,108.10,59,true,2000-05-27 13:46:38
433,1268,15,509.66,86,true,1992-01-06 05:28:49
63,1322,4,161.52,23,true,2008-06-16 08:10:16
336,876,7,854.90,43,false,
248,1153,10,560.67,41,false,
365,255,13,733.51,24,true,1981-07-20 21:19:01
378,1962,1,788.50,71,true,1976-09-06 03:48:18
321,1665,8,614.35,14,false,
240,1998,8,548.86,72,true,1989-04-01 13:34:40
228,1781,18,84.84,43,true,1981-07-08 03:14:37
54,1441,12,526.15,79,true,2001-01-24 04:12:04
490,1693,18,526.30,65,true,2004-05-19 05:18:13
13,633,16,585.02,88,true,2020-05-06 20:54:12
268,425,3,171.72,78,true,1972-05-02 14:49:11
235,1218,12,177.69,76,false,
4,1743,0,339.12,4,true,1971-04-03 08:08:05
446,524,16,274.58,20,true,1975-12-05 01:31:11
141,191,14,154.26,32,true,2011-03-14 10:39:47
25,851,17,364.12,30,true,2007-08-23 09:08:28
220,1305,2,366.77,67,false,
13,1199,12,770.34,2,false,
300,1176,17,582.10,71,false,
99,385,23,535.68,38,true,1999-03-11 02:48:16
422,1608,8,597.04,94,true,1981-01-13 11:22:03
479,1929,9,191.56,81,true,1996-05-21 23:58:08
307,1874,2,27.66,70,false,
224,1148,13,36.89,100,false,
85,80,7,58.87,91,true,2022-02-08 08:36:24
434,173,8,381.11,27,false,
466,1239,8,603.40,9,false,
258,1850,24,579.19,43,false,
97,13,7,420.95,1,false,
99,1574,16,102.53,61,false,
166,1142,13,264.56,44,true,1990-06-13 23:14:58
375,605,11,665.33,1,true,1972-04-06 01:49:21
219,1597,5,148.38,24,true,2003-11-12 06:23:44
229,1518,1,818.30,28,false,
76,193,5,791.13,18,false,
417,526,10,552.71,90,true,1995-11-13 13:38:03
154,1107,20,837.36,75,true,1983-05-05 16:26:55
49,1044,11,382.41,82,false,
143,450,4,130.44,19,true,1973-03-02 13:10:57
447,1302,7,303.90,22,true,1992-12-28 20:54:01
347,1820,18,931.28,52,true,1974-06-19 05:36:17
110,502,19,825.76,19,true,2001-08-21 01:05:37
40,630,24,202.87,7,true,1982-12-25 20:47:19
112,469,17,829.70,67,true,1982-09-02 11:37:25
230,1022,2,848.08,36,true,1988-12-11 16:37:26
468,1681,2,534.82,84,true,2004-07-19 16:27:03
312,1971,18,676.61,40,true,1976-02-27 03:08:32
197,647,20,728.12,8,false,
416,1396,14,830.70,78,false,
19,1277,13,553.90,14,true,2010-08-08 13:25:07
393,351,23,467.93,77,false,
42,1997,21,507.13,2,false,
249,310,6,70.85,10,false,
170,14,21,138.59,97,true,2018-09-21 04:42:14
446,519,17,466.07,90,false,
442,1722,16,781.28,51,false,
152,1349,7,329.24,96,true,1999-06-04 03:25:39
168,1764,2,505.96,41,false,
223,103,3,394.78,62,true,2018-08-29 11:30:42
201,386,18,170.88,51,false,
276,835,22,200.97,100,false,
76,1790,14,765.57,53,false,
413,1835,13,137.15,62,false,
431,1504,0,629.56,77,true,1995-04-23 14:04:53
481,170,11,566.30,68,true,2021-12-27 05:21:07
104,1594,18,845.21,75,true,1981-09-01 16:28:52
390,8,10,198.55,68,false,
371,1278,22,627.11,13,false,
425,1211,8,433.42,31,false,
130,807,4,632.88,22,true,1988-06-05 13:39:37
146,809,13,309.38,97,false,
213,1226,23,941.79,88,false,
44,781,3,947.53,17,false,
454,262,19,558.27,75,false,
108,1422,11,930.45,40,false,
384,982,19,483.79,32,false,
3,1907,19,12.97,65,true,1997-07-15 03:07:12
278,881,13,758.14,10,true,1999-06-20 15:09:12
474,318,11,652.98,38,false,
4,1832,21,91.35,89,true,1979-04-14 11:29:42
322,1269,24,548.32,19,true,2009-06-01 17:03:09
400,1234,24,665.60,28,false,
36,502,23,143.09,9,true,1988-12-13 08:53:53
242,1163,14,29.66,35,true,1985-12-08 15:08:22
265,1067,16,726.97,4,false,
408,741,2,790.11,26,true,2003-10-03 23:31:40
5,940,1,740.84,21,false,
166,1008,3,560.63,29,false,
387,1170,18,981.91,84,true,1981-01-25 14:56:14
134,178,15,611.17,50,false,
474,1990,22,668.64,18,false,
97,1526,12,226.26,39,true,1992-02-01 20:21:47
211,1295,1,540.10,61,true,1977-08-09 15:37:30
296,1802,6,354.12,71,true,1998-01-10 15:20:24
412,351,7,298.31,72,true,2002-03-03 02:03:20
103,8,10,984.85,6,true,1992-06-28 15:52:05
222,888,12,80.74,20,true,1972-12-16 16:44:29
4,1630,2,137.95,24,true,2005-03-01 22:07:27
372,1457,4,857.68,6,true,1993-04-18 07:05:45
328,1662,0,365.44,55,false,
34,1445,16,733.63,14,true,2019-01-09 14:02:14
17,404,0,493.88,41,false,
51,749,5,158.60,69,true,2019-01-08 12:51:05
304,369,15,811.70,16,true,1998-06-11 04:16:37
185,799,11,6.84,42,true,2000-10-02 03:41:04
21,1815,23,355.34,53,true,2004-12-08 14:10:37
474,1882,8,366.00,90,true,2020-02-22 15:51:18
139,487,11,534.44,60,false,
367,1777,23,0.51,93,false,
271,1773,22,726.58,2,true,1989-08-23 20:13:59
482,1287,24,867.72,1,true,1983-08-03 15:00:29
176,1526,13,610.12,2,true,1979-01-08 00:14:59
56,241,4,58.44,27,true,1970-03-14 03:14:48
497,1919,23,304.32,64,false,
465,834,12,901.44,39,false,
220,1722,2,2.69,19,true,1972-08-24 11:29:11
59,1067,18,656.14,21,false,
34,1296,4,693.76,15,true,2020-07-09 18:10:42
135,1098,5,792.57,65,false,
74,249,3,394.74,50,false,
240,1678,21,357.87,94,false,
473,1752,3,692.24,98,true,2008-08-30 03:40:17
166,320,24,178.20,39,true,2021-08-27 21:21:00
394,224,1,153.25,95,true,1978-10-16 17:00:06
446,758,5,725.35,22,true,1992-03-05 08:09:14
241,558,8,47.78,85,true,2008-03-12 15:42:27
46,746,23,571.20,48,true,2011-03-19 02:23:41
94,599,11,391.42,81,false,
41,1915,20,943.04,1,false,
26,1557,17,902.64,19,true,2019-02-12 03:17:53
343,1860,22,492.50,63,false,
232,1919,3,19.66,95,true,1973-09-01 20:39:39
0,886,2,631.61,6,true,1991-09-09 08:19:17
67,1597,5,213.53,51,false,
309,1137,0,663.78,84,true,2015-07-12 15:01:22
284,1246,20,927.77,93,false,
336,875,15,427.80,83,false,
212,275,22,982.95,4,true,1992-11-08 14:39:23
471,633,2,463.01,90,true,2014-09-20 11:23:39
455,1800,17,407.70,63,false,
491,262,18,295.75,95,true,1986-10-14 08:28:45
133,1259,23,728.00,43,true,1997-04-25 21:08:53
185,341,17,991.86,71,true,1979-05-16 22:49:31
188,1561,13,570.46,35,true,1974-07-04 16:32:41
68,508,15,110.90,75,false,
198,776,9,546.52,9,false,
128,971,2,878.63,34,true,1990-09-13 14:01:13
273,108,12,558.13,47,true,2005-09-24 07:11:11
82,330,6,682.97,56,true,2008-02-02 00:59:22
383,416,14,150.96,5,true,1986-06-21 06:32:47
233,320,19,807.16,63,true,1999-07-29 08:56:02
303,976,3,252.35,90,true,1987-05-31 21:22:53
305,246,19,106.27,15,false,
343,965,18,387.86,45,true,1981-09-20 15:02:51
203,240,23,650.95,72,true,2009-11-16 08:33:24
253,750,9,299.37,13,true,2014-08-07 05:06:11
18,1651,7,919.31,52,false,
245,895,19,405.22,5,false,
343,1201,15,401.84,69,true,1988-05-16 03:32:40
291,1329,22,240.67,2,false,
332,1065,15,158.86,4,false,
183,1430,6,457.03,43,false,
154,1092,22,260.88,28,true,2009-09-25 02:11:11
338,379,24,745.46,57,false,
341,488,3,137.42,17,true,1994-08-09 17:46:52
96,1,0,760.09,94,true,1985-02-25 18:58:19
448,798,13,232.31,42,true,2005-04-15 19:41:52
13,1768,11,368.06,55,true,2003-03-28 12:26:39
101,825,13,963.90,9,true,1993-08-12 17:05:54
269,1180,8,160.81,42,true,1980-08-07 01:17:55
292,485,2,456.28,96,false,
34,1906,9,537.17,28,false,
14,1269,15,776.63,37,true,2011-01-16 10:35:35
349,282,5,770.56,26,false,
174,1268,9,456.15,40,false,
342,739,21,49.23,11,false,
285,766,7,104.78,71,true,1991-11-11 10:14:16
371,27,2,636.90,23,false,
186,1642,11,466.05,29,true,2012-06-28 10:37:58
270,1455,6,395.51,73,false,
495,929,8,949.70,52,true,2013-01-29 16:54:16
214,1614,20,393.24,91,false,
374,325,20,357.79,72,false,
217,1991,9,278.64,41,true,1986-07-05 23:19:25
136,1446,0,972.67,45,true,2016-12-11 00:02:04
46,1206,3,845.79,19,true,1983-09-18 20:19:29
291,773,7,693.53,16,true,2021-01-30 14:45:19
18,1362,6,83.53,24,true,1998-07-20 21:23:16
3,9,3,248.45,54,false,
163,1518,1,905.67,29,true,2014-04-19 23:42:36
65,164,23,387.01,53,false,
137,1440,3,901.47,52,false,
394,126,4,615.01,82,false,
115,1024,1,958.15,7,false,
446,649,4,503.80,77,false,
300,203,11,240.22,65,false,
72,1936,16,302.63,76,true,2015-11-12 01:00:01
286,717,12,196.39,71,false,
26,77,1,518.30,68,false,
45,449,11,921.63,49,true,1990-02-17 11:23:52
331,70,11,410.24,41,false,
366,91,20,367.80,48,true,1984-11-05 07:56:28
326,1538,24,704.70,55,false,
299,1281,2,194.68,76,false,
431,749,5,754.55,96,false,
485,535,7,890.99,86,false,
187,1199,13,14.31,10,false,
437,508,12,761.24,52,false,
384,1181,6,186.46,84,true,1999-08-02 19:22:16
223,450,4,516.28,98,true,1980-05-15 12:30:15
91,745,21,395.33,98,false,
186,1185,2,287.53,20,false,
394,114,14,312.47,64,false,
201,331,19,528.82,30,true,1981-03-16 19:42:22
10,1781,24,543.66,93,false,
162,224,1,331.45,79,false,
239,869,4,54.70,78,false,
269,1349,17,499.74,28,true,1979-01-16 01:01:37
422,1878,10,950.92,81,false,
235,416,14,409.60,7,false,
331,1387,21,319.91,24,false,
87,247,8,166.83,82,false,
312,1781,10,27.48,67,true,1986-02-06 07:57:33
60,695,23,394.64,74,true,2001-04-01 15:52:33
477,1668,15,96.84,45,true,2005-07-15 10:12:48
189,320,24,219.75,54,false,
232,1650,8,900.61,30,false,
321,1294,22,703.46,28,true,2008-06-22 05:14:02
466,929,11,602.72,100,true,1995-12-06 20:18:59
23,524,8,180.28,83,true,2002-01-21 06:14:23
390,1076,23,254.03,28,false,
471,1440,23,576.38,62,false,
56,851,15,116.84,97,true,2013-04-06 06:54:31
437,692,19,157.06,20,true,2020-07-17 10:19:23
185,1656,4,646.62,34,false,
452,455,13,726.58,49,false,
251,1302,23,30.64,33,true,1983-09-26 13:09:18
177,251,11,47.62,26,false,
185,894,23,629.92,10,true,1986-06-01 16:12:31
137,1050,15,64.95,87,false,
53,959,18,160.02,45,true,2015-03-26 23:45:29
384,1511,18,160.65,87,false,
69,142,8,567.36,18,true,2007-06-11 07:41:27
270,776,14,73.27,81,false,
21,1989,5,849.43,77,true,1977-08-02 05:42:27
84,751,0,84.90,29,false,
336,1854,4,424.51,29,true,1979-10-30 01:42:51
495,259,10,559.22,44,false,
428,1516,2,208.37,95,true,1977-06-08 16:47:45
275,1974,24,181.12,55,false,
469,127,24,793.47,96,true,2010-01-07 08:38:40
180,840,1,406.54,81,false,
205,721,14,296.57,39,false,
97,1154,12,344.46,16,true,1978-12-28 02:48:50
468,690,23,416.36,56,true,1995-02-19 20:48:29
379,1475,17,650.03,63,false,
263,134,23,175.81,87,true,1996-03-31 03:40:49
62,1986,17,882.95,72,true,2006-02-23 18:48:00
351,844,24,34.44,31,true,1990-06-18 12:41:58
470,1531,20,261.91,6,true,1976-07-22 16:10:00
199,1167,23,895.41,93,true,1973-08-18 11:05:54
203,186,20,107.75,56,true,1975-10-30 22:32:54
218,74,9,56.88,38,false,
492,380,3,10.62,68,false,
385,965,4,910.18,47,true,1993-05-20 10:42:26
438,485,17,338.98,6,true,1994-02-26 04:20:05
224,722,1,814.60,98,true,1976-08-23 06:25:39
36,190,14,808.79,0,true,2005-07-08 11:23:39
203,1134,17,165.57,82,false,
124,1294,22,982.26,52,true,1995-03-04 21:45:33
143,341,19,889.90,31,false,
471,1422,1,255.22,62,false,
66,971,21,56.25,71,true,1981-05-03 19:45:55
56,796,16,276.87,40,true,1992-10-25 01:27:30
334,1181,19,155.72,25,false,
152,986,21,85.36,67,true,1986-03-07 15:14:18
138,745,20,732.75,5,true,1991-04-24 03:43:53
153,1291,16,549.17,3,true,2004-10-24 13:09:22
75,505,23,143.74,84,false,
465,132,14,275.02,69,true,2015-07-01 22:24:17
297,727,2,526.67,63,false,
361,632,21,752.59,80,false,
116,1056,2,114.16,80,false,
75,1024,15,508.47,98,false,
216,1582,23,952.34,12,true,1991-04-24 19:18:32
385,1583,4,645.31,18,true,2007-03-03 21:32:22
483,766,18,884.88,0,false,
415,1996,15,530.54,55,false,
113,1558,7,844.65,22,true,1981-11-07 20:36:54
335,1477,11,887.52,79,false,
247,1556,14,107.08,70,true,2009-05-08 04:58:20
142,1902,24,742.53,67,false,
63,1791,15,350.63,91,false,
337,1864,13,381.66,33,true,2018-01-04 15:05:21
285,132,14,215.37,8,true,2016-01-22 22:19:25
187,1101,1,198.07,50,true,1974-03-25 10:27:35
87,1160,14,838.69,47,false,
210,215,6,546.87,28,false,
241,488,24,19.80,8,false,
477,680,19,21.77,25,false,
347,1272,19,904.14,8,false,
427,1112,17,989.43,56,false,
408,1685,14,762.85,97,false,
221,1741,0,200.37,11,false,
184,1600,4,970.51,87,false,
319,1271,16,762.28,94,false,
102,522,22,91.88,100,true,2014-03-17 17:48:12
423,1393,14,108.07,74,false,
129,1726,16,478.48,32,true,1976-03-16 14:42:29
334,682,23,864.80,70,true,1972-01-04 13:22:39
3,1889,4,218.99,69,false,
291,540,10,62.58,96,true,1997-07-06 03:59:16
326,1199,12,752.87,22,false,
216,13,8,132.51,76,false,
356,1577,6,826.70,54,true,2008-08-14 18:48:43
60,120,7,873.77,37,false,
432,44,4,172.78,98,true,2019-12-23 21:19:21
125,954,15,116.86,92,false,
361,1559,21,769.10,64,false,
143,1076,23,191.81,7,true,1987-02-03 07:20:44
114,455,22,827.82,67,false,
75,1102,6,934.05,11,true,1999-11-23 03:05:53
437,912,11,195.64,1,true,1990-03-28 12:44:10
99,656,13,931.83,99,false,
1,919,17,115.87,12,true,1986-01-26 05:13:25
137,342,24,630.52,10,false,
11,1039,12,560.79,41,false,
146,1983,23,923.74,33,true,2016-01-19 03:57:55
431,470,19,85.31,23,true,2011-09-19 15:36:02
464,74,0,432.86,79,false,
62,1033,6,608.39,100,false,
148,875,6,956.90,24,true,1993-04-22 19:50:05
353,1902,11,715.80,64,false,
348,314,13,140.02,93,false,
183,102,18,890.65,44,false,
493,805,24,26.47,43,true,2017-09-18 15:54:57
432,1921,23,90.95,47,false,
464,996,2,676.42,84,false,
263,649,21,813.76,51,true,2002-06-30 23:38:25
133,540,19,653.74,78,false,
79,753,6,844.38,18,true,2002-02-06 16:48:25
161,1838,15,53.63,77,true,2021-07-09 18:58:28
387,1529,16,194.37,79,true,2001-08-08 07:59:08
256,1608,13,248.01,29,false,
103,1790,10,4.54,34,false,
369,1050,8,37.58,16,true,1970-04-29 10:29:11
387,1916,10,187.48,96,true,1991-11-22 14:24:49
126,1993,11,234.89,48,false,
401,1118,4,136.34,19,false,
370,76,23,713.99,95,false,
173,1362,14,418.99,66,true,1980-10-24 09:39:26
82,1348,11,915.39,90,false,
276,76,12,722.42,80,true,2019-05-03 16:25:43
117,377,1,798.00,100,false,
438,1330,10,585.90,81,false,
302,1598,23,251.09,56,true,1994-02-04 17:47:34
478,1034,18,418.74,75,true,1998-07-20 00:21:51
130,1680,4,712.02,88,true,2009-11-15 23:34:31
369,691,20,490.23,64,true,2012-05-13 13:13:52
478,1974,13,765.50,37,false,
177,1893,5,868.41,23,false,
75,1658,4,79.55,38,false,
362,581,11,269.37,15,false,
184,1655,14,10.56,53,false,
397,1687,10,738.81,32,true,2004-04-23 09:35:50
114,895,2,608.28,16,true,2005-04-21 19:00:15
367,337,8,375.15,81,false,
402,1949,14,703.78,1,true,1993-05-17 20:34:03
198,98,21,237.21,85,true,1996-04-14 07:00:27
153,578,24,709.99,53,true,2018-01-21 06:02:39
14,1058,20,157.66,73,false,
278,1081,4,909.34,15,true,2007-07-31 09:29:25
256,1522,24,857.66,90,true,2021-09-07 06:44:01
252,249,22,964.53,8,true,2015-04-08 10:49:57
68,1146,8,964.72,27,true,2016-04-18 21:36:41
159,1208,6,499.78,85,true,1997-07-14 12:03:32
335,568,4,390.49,86,true,1986-01-16 02:25:05
66,82,13,168.51,35,false,
92,1676,9,939.33,61,true,2004-07-26 17:26:18
160,1,21,271.57,81,true,2010-11-03 08:00:10
162,554,2,2.31,33,true,1970-12-21 02:05:59
462,1921,23,1.45,18,false,
428,1476,5,555.56,33,true,2003-12-12 11:12:53
2,1477,11,611.69,41,true,1996-07-12 15:22:30
92,746,4,919.75,18,false,
22,1535,11,698.93,100,false,
344,1680,4,653.01,86,true,2013-03-22 14:13:35
386,120,6,94.81,81,false,
344,907,18,589.15,61,false,
201,553,24,641.56,98,false,
191,1958,23,702.34,91,false,
91,1192,7,415.98,43,true,2014-05-07 22:12:29
166,331,20,658.67,76,true,1994-02-07 09:46:31
104,1441,11,913.50,62,false,
85,1224,9,990.47,14,true,2004-04-10 19:26:55
400,142,18,684.03,19,true,1991-04-28 16:57:23
491,1082,16,631.64,78,false,
342,887,2,994.54,60,true,2012-06-28 01:03:26
438,1457,19,367.85,57,true,1998-03-19 23:09:42
63,411,10,979.52,46,false,
469,1777,6,947.61,42,false,
167,1983,0,808.45,85,true,1981-04-26 14:13:56
37,1029,18,732.70,93,true,2013-12-17 18:33:32
78,1792,2,804.92,13,false,
68,331,19,973.72,70,false,
230,327,11,569.12,30,false,
488,1318,21,411.75,44,true,2013-07-06 07:46:03
68,523,18,991.61,52,false,
91,249,9,818.31,87,true,1988-03-19 15:51:17
489,599,22,785.98,13,true,2018-09-04 14:11:29
269,1620,13,365.29,37,true,1997-05-08 18:43:37
134,542,11,476.73,57,true,1980-08-31 15:10:37
43,840,1,34.35,54,false,
479,1143,14,997.63,83,true,1990-09-21 09:52:43
25,326,18,274.09,35,false,
428,164,22,233.33,54,false,
236,911,15,559.82,55,true,1993-02-13 10:42:11
276,1781,7,159.48,79,false,
113,726,9,78.00,16,false,
459,1725,7,137.20,80,false,
454,1204,20,409.47,9,false,
426,1065,18,497.09,56,true,2001-10-07 20:37:06
77,1702,11,282.98,13,false,
11,1416,19,374.30,77,true,2020-10-06 20:19:33
64,582,1,372.99,42,true,2007-12-26 17:39:10
325,1839,4,107.67,3,false,
399,630,3,678.32,73,false,
393,1594,9,479.27,58,false,
324,1811,10,401.36,3,true,1993-04-12 06:52:00
32,147,1,956.36,86,true,1989-01-27 08:10:49
319,200,9,828.54,54,true,2018-06-27 12:28:33
9,377,22,944.58,8,false,
343,526,6,384.89,44,false,
142,1824,16,11.86,39,true,2007-04-24 17:19:15
297,146,16,411.84,4,false,
469,1623,22,778.28,2,true,1989-07-02 10:35:33
14,1065,4,915.84,42,true,1974-06-05 15:34:13
404,1282,21,668.71,16,false,
296,913,18,272.49,84,false,
339,243,5,969.46,35,false,
431,450,5,135.72,82,false,
16,342,10,342.70,77,false,
471,928,18,616.58,7,false,
481,1347,7,535.72,94,false,
124,770,11,487.63,37,false,
178,1879,22,992.25,70,true,1993-12-26 05:21:03
57,668,16,872.63,83,false,
469,1060,23,409.82,17,false,
286,1081,7,655.61,10,true,1999-09-19 09:02:44
96,1689,23,194.07,17,true,1975-04-21 23:52:23
445,1216,4,399.94,3,true,2014-10-31 19:46:46
471,54,9,552.23,41,false,
8,959,14,384.67,63,true,2022-04-02 15:39:26
419,170,6,760.95,52,false,
465,893,0,266.76,51,true,1989-03-01 11:34:19
337,1118,4,70.05,11,true,1980-10-14 13:54:04
403,1689,10,361.34,37,false,
134,225,15,120.45,25,false,
379,330,18,994.90,62,true,1982-07-20 03:47:35
336,894,23,906.23,39,true,1982-04-30 03:58:27
275,465,1,195.46,29,false,
447,1048,2,542.34,81,true,1999-02-04 12:08:09
251,392,3,226.45,92,false,
249,188,4,896.92,71,true,1992-02-20 10:21:01
84,1971,12,885.28,10,true,1972-02-13 16:47:33
228,1335,16,54.89,77,false,
138,1044,23,635.39,47,false,
186,369,1,454.20,31,true,2014-01-01 10:11:42
37,1159,23,349.60,80,false,
259,1678,21,408.17,18,false,
141,1311,5,772.90,18,false,
32,1297,11,778.96,67,true,1982-10-26 04:46:42
147,365,2,688.24,6,false,
406,1199,2,115.52,15,false,
3,1605,23,704.20,78,true,2010-12-24 18:11:12
358,942,14,915.75,42,false,
146,1811,24,375.50,21,true,1970-08-31 07:41:56
243,1605,18,95.95,65,true,2015-12-16 15:46:47
184,408,9,305.37,52,true,2021-06-21 17:19:07
105,434,3,403.71,62,true,1971-03-02 13:08:59
189,323,7,218.44,63,false,
290,1505,7,680.34,94,false,
286,1034,23,672.25,24,false,
219,867,19,644.70,0,false,
432,1893,24,660.27,89,false,
196,198,19,687.21,80,false,
250,1726,24,432.27,91,false,
367,1082,16,62.60,83,true,2007-09-08 01:09:29
450,214,18,993.95,70,true,1976-05-30 02:47:41
14,1507,4,148.38,100,true,2007-01-06 15:19:02
92,1095,22,225.47,87,true,2010-09-10 16:44:57
310,608,8,546.73,85,true,2007-07-25 04:35:59
111,404,7,137.69,95,false,
142,390,6,70.67,97,false,
13,959,9,755.04,43,false,
208,771,5,361.80,48,true,2004-05-30 16:54:03
465,1297,23,722.66,58,false,
12,599,22,248.35,55,true,1984-08-25 06:21:03
492,1838,15,958.02,10,true,1991-01-11 19:39:44
355,431,12,87.50,73,true,1999-09-06 13:13:02
434,1560,21,83.15,46,false,
205,314,13,371.09,5,false,
376,1004,20,225.34,40,true,1994-01-28 23:38:51
414,1997,4,756.83,28,true,2002-06-18 17:19:16
174,1591,3,99.43,3,true,2006-12-11 14:51:12
75,996,2,417.73,14,false,
333,1683,11,285.21,93,false,
188,1448,10,921.20,15,true,1992-07-15 02:05:02
55,726,3,888.38,36,true,2012-08-20 05:27:13
152,307,7,595.38,53,false,
464,1260,24,592.61,95,false,
364,1163,21,703.95,19,true,2014-04-15 05:17:40
161,1106,1,595.65,73,false,
362,209,0,961.43,95,true,1990-03-27 03:36:53
281,1405,20,70.33,42,false,
137,431,12,646.81,95,true,1997-07-23 21:04:52
249,330,6,277.24,21,false,
75,806,15,841.17,36,false,
242,1489,14,883.02,25,true,1970-03-01 04:12:38
222,1657,3,140.63,14,false,
137,1363,4,14.84,7,true,2009-01-13 19:24:18
79,1445,14,840.38,1,false,
201,373,7,784.62,100,true,1973-10-26 00:56:07
1,81,20,270.26,63,true,1984-07-19 03:46:04
234,834,15,481.13,39,true,1991-03-30 19:10:56
406,814,9,835.11,61,false,
243,1405,22,27.88,89,true,1990-07-24 04:07:56
492,1382,8,684.52,33,true,1983-06-11 01:45:35
277,474,20,28.89,49,false,
244,347,7,913.12,51,false,
1,377,0,700.51,40,false,
355,1168,13,995.80,48,false,
206,1268,9,194.61,63,true,1993-06-24 14:13:32
65,38,23,340.54,29,false,
172,1534,4,877.82,90,true,2006-09-12 11:57:22
140,1842,21,418.66,13,true,2002-09-29 16:49:07
462,582,21,113.65,31,false,
114,809,4,492.01,43,true,1994-09-24 03:28:57
69,1033,15,795.39,21,false,
228,1493,17,661.07,2,true,2000-11-09 06:08:08
234,972,14,642.58,29,false,
91,1872,21,523.99,7,false,
105,359,3,878.51,97,false,
343,255,13,268.62,61,true,2011-09-04 11:55:50
375,353,12,237.43,68,false,
178,709,21,447.67,24,false,
190,74,18,287.77,97,false,
201,1122,11,439.14,53,true,1988-07-26 20:18:45
123,557,14,386.36,72,true,1999-11-19 21:40:30
235,1026,18,709.00,97,true,2001-11-22 18:20:24
101,1699,13,667.74,41,true,2018-05-11 08:03:48
156,972,2,860.70,84,true,2011-07-03 14:22:39
184,1587,21,7.66,15,false,
304,1541,8,832.77,61,false,
454,1668,15,656.59,0,true,2014-05-05 18:39:15
370,962,11,839.63,58,true,1987-06-15 13:57:18
241,1528,7,476.89,100,false,
480,1345,23,522.64,59,true,1979-09-13 22:35:00
162,1378,19,27.87,27,true,1972-01-08 07:36:35
127,137,15,174.40,3,false,
56,1933,15,893.83,22,true,1984-09-14 20:42:56
353,959,14,81.82,78,false,
485,1553,8,682.74,46,false,
156,1462,10,683.61,1,true,2017-09-24 23:43:43
481,1504,0,262.21,23,true,1975-09-19 10:52:10
169,593,12,409.77,51,false,
353,443,5,923.73,67,true,1996-11-16 17:27:38
38,1322,5,130.89,50,true,1998-11-01 21:27:12
485,203,24,174.21,92,false,
298,118,20,547.33,97,false,
312,726,3,516.39,34,true,1987-01-07 00:33:02
142,227,23,603.16,79,false,
54,750,19,103.26,67,true,1987-11-12 01:48:03
221,810,13,247.07,57,true,1981-02-28 08:16:59
77,1003,1,123.02,38,true,1991-02-23 17:16:12
368,1026,18,433.30,94,true,2017-03-07 17:59:59
256,1550,16,538.25,10,true,1980-05-29 14:47:59
7,1658,4,352.15,13,false,
428,706,14,792.00,43,false,
338,103,8,270.05,25,true,1990-03-21 11:01:53
368,1648,7,762.16,91,false,
439,1176,17,953.92,67,false,
377,258,19,570.91,94,false,
449,17,6,887.72,64,false,
28,241,4,616.62,66,false,
31,274,11,853.56,52,false,
452,1387,2,773.09,41,false,
349,1126,10,624.22,30,true,1980-10-13 18:18:21
316,1345,12,966.15,7,true,1992-07-13 06:02:20
319,1056,14,772.98,15,true,2010-08-24 22:55:42
372,1566,24,730.34,50,true,2013-10-11 18:20:02
466,456,2,9.72,94,false,
312,1851,19,823.97,0,true,1997-01-11 06:13:55
8,74,18,619.01,22,false,
299,1218,14,440.53,86,true,2012-03-27 21:41:40
216,1477,11,732.43,5,true,2021-06-26 12:21:17
397,1268,10,269.82,74,true,1979-12-29 22:27:04
40,1471,9,888.38,68,false,
442,1787,16,30.42,68,false,
71,5,24,3.17,95,true,1998-01-05 04:56:30
51,323,6,773.36,35,false,
325,482,6,619.90,28,false,
24,271,18,694.49,1,false,
283,1081,9,694.39,84,true,2001-01-16 08:06:29
152,1668,15,411.99,73,true,2001-08-17 02:08:29
427,1398,19,530.41,82,false,
107,1101,1,726.33,5,false,
116,1148,13,135.14,63,false,
59,1891,7,315.37,5,false,
82,1860,22,815.32,95,true,1991-02-07 16:30:29
477,1845,17,506.97,62,false,
42,1756,3,761.54,72,false,
29,951,4,844.57,41,true,1977-06-06 21:57:55
99,1918,24,158.38,93,true,2012-02-15 18:25:29
187,576,0,96.69,13,true,1978-07-12 02:45:00
193,1380,15,311.80,64,false,
160,1672,22,391.09,15,false,
54,1120,5,279.71,29,false,
182,1556,4,586.70,12,true,2003-04-14 16:17:24
222,881,13,942.67,29,true,1976-02-22 04:42:33
211,164,23,901.42,26,true,1992-01-17 03:53:22
22,1246,20,931.47,67,true,1980-03-06 04:53:10
79,192,1,436.15,24,false,
420,1568,23,474.69,29,false,
371,870,5,872.75,70,true,2007-10-27 16:59:16
192,1676,11,159.25,97,true,1988-12-07 06:41:40
132,119,17,884.71,56,false,
197,1832,21,873.21,50,true,2011-08-03 23:54:53
447,83,15,490.99,72,true,2017-01-30 22:40:11
200,798,20,735.97,96,true,1989-11-19 01:20:43
442,1122,11,76.69,40,false,
201,114,14,519.83,42,false,
113,805,15,108.15,49,false,
228,887,2,768.42,4,false,
39,370,9,216.41,9,true,1981-03-28 05:15:17
438,191,8,465.34,30,true,1975-04-13 12:11:43
135,45,10,787.86,44,false,
217,540,19,65.90,68,true,1991-06-23 15:47:59
5,1680,4,53.06,79,true,2015-11-05 14:08:09
89,746,20,617.76,73,true,2009-09-10 00:58:53
92,1455,23,774.83,66,true,2000-03-29 10:33:04
311,202,1,340.26,42,false,
257,1441,17,907.43,20,true,1987-10-31 00:30:44
221,365,2,356.79,85,true,2004-11-26 22:40:28
58,1476,22,140.78,55,false,
409,919,3,108.46,64,true,2013-05-24 18:23:21
403,1409,2,838.80,28,true,1974-11-07 00:44:57
317,1005,11,287.96,21,false,
157,378,1,349.74,85,true,1970-10-09 00:51:32
467,1065,4,327.89,56,true,2016-12-29 16:16:07
488,733,21,578.58,91,false,
137,954,19,702.32,16,false,
118,1375,18,183.96,76,false,
121,1546,21,248.20,45,true,1977-08-12 06:50:23
56,529,5,344.02,69,false,
18,1652,13,302.65,91,true,1976-03-25 16:20:03
70,170,6,276.35,70,false,
494,1085,9,351.76,2,true,1996-04-27 23:04:01
84,1099,5,422.97,94,true,1999-04-20 07:49:35
102,216,12,675.11,9,false,
420,1148,14,246.37,57,true,2010-11-21 09:46:07
461,1890,6,10.88,19,false,
499,409,8,868.90,58,false,
116,1932,8,956.79,98,false,
188,1637,1,840.24,90,true,2004-07-12 01:44:23
0,1527,22,24.37,64,true,1999-12-16 05:21:40
482,845,5,805.62,81,false,
438,1489,14,553.40,10,false,
356,1534,4,44.09,40,false,
165,1024,1,684.76,24,false,
399,696,14,9.26,69,true,1971-08-31 14:51:32
318,193,9,242.34,47,true,1975-07-30 14:28:32
210,1190,17,544.58,0,true,1995-01-21 20:37:14
320,696,1,463.54,39,true,1996-02-01 23:07:29
109,1274,24,500.67,84,true,1990-03-19 06:01:28
499,1004,21,137.25,64,true,2011-12-01 10:50:58
61,1789,4,17.24,55,false,
139,265,22,673.25,69,false,
316,1134,17,94.13,85,true,1973-10-22 06:26:16
277,414,1,63.18,24,true,1988-02-17 01:44:38
370,126,15,680.37,50,true,1996-06-10 08:34:12
475,1641,18,822.50,71,false,
437,1294,8,161.25,19,false,
395,1815,7,447.22,37,true,2007-01-04 13:11:00
320,188,4,303.66,31,false,
323,309,22,900.01,17,false,
431,1319,23,948.44,0,true,1994-09-07 21:43:37
111,1620,13,838.18,19,true,2018-09-06 18:03:23
385,142,8,997.11,56,false,
186,650,6,416.81,53,true,2003-09-06 16:29:01
355,881,13,562.47,69,false,
478,1166,16,625.86,94,false,
109,1135,24,501.01,71,false,
474,227,19,638.89,72,true,1979-05-09 04:45:26
124,608,19,522.49,49,false,
167,1181,10,379.43,50,false,
83,1605,17,316.81,43,true,1979-10-06 12:36:18
111,619,9,636.17,21,false,
285,1752,3,213.49,0,false,
278,1893,15,837.45,61,false,
176,1565,5,938.72,94,true,2011-06-06 01:21:23
155,1173,2,67.36,51,true,1984-12-31 18:21:35
419,772,1,976.73,68,false,
401,1874,4,525.47,99,false,
330,351,24,613.08,15,false,
482,746,16,535.12,59,false,
136,1665,8,687.43,93,false,
95,15,2,221.14,59,true,1993-12-16 20:05:04
174,1623,12,728.85,2,false,
4,1721,9,756.06,2,false,
295,742,17,191.76,95,false,
228,269,11,246.81,16,false,
410,1597,17,54.43,56,false,
456,511,19,381.94,62,true,2021-02-26 15:17:21
114,887,4,95.96,29,false,
427,792,2,363.58,35,false,
78,471,15,450.39,0,false,
254,1582,21,484.60,10,false,
14,1551,0,6.23,14,true,1992-02-24 20:53:34
31,1389,18,429.73,16,false,
13,1532,6,548.69,0,false,
240,1198,24,216.87,64,true,1983-06-20 17:34:19
432,173,8,778.47,89,false,
147,895,2,673.07,47,true,2011-11-03 15:28:26
320,1343,24,716.36,15,false,
161,238,3,274.52,85,true,2011-06-21 16:42:34
419,1178,7,541.57,7,false,
390,1860,22,346.27,31,true,2003-06-05 08:30:08
189,840,1,846.40,66,true,1991-09-20 15:32:13
154,529,5,251.38,27,false,
157,583,16,445.51,62,true,1981-08-20 03:26:53
84,1774,22,422.47,45,true,1978-01-20 18:21:45
417,721,2,895.04,77,false,
18,1160,6,132.76,26,false,
227,880,2,926.67,1,false,
406,1593,10,565.08,12,true,1988-01-24 00:58:35
79,522,14,286.63,12,false,
309,678,19,415.59,44,true,2002-02-03 03:56:12
76,359,3,931.17,60,true,1977-10-22 02:02:29
328,1266,24,552.78,53,true,2006-11-22 20:51:44
203,426,16,931.27,2,false,
21,469,17,953.59,96,false,
71,1559,21,677.79,78,false,
288,42,3,814.33,80,true,1994-06-07 07:15:15
399,26,23,245.96,28,false,
247,1525,1,180.81,12,true,1996-04-08 19:38:50
197,976,7,315.51,50,false,
139,907,18,216.21,27,false,
444,1532,0,650.04,16,false,
401,334,1,167.81,57,false,
389,306,16,0.50,38,true,2006-06-22 09:47:19
405,428,18,875.92,3,true,2012-03-07 19:24:23
485,188,4,516.96,83,false,
150,139,3,668.39,99,true,1979-12-10 00:40:29
191,897,22,128.70,93,true,2010-08-24 03:46:33
417,1965,12,866.67,35,true,1972-05-15 14:02:31
499,1769,20,538.07,60,false,
389,770,15,421.21,95,true,1999-09-04 11:34:56
124,8,10,445.81,88,false,
421,385,23,350.87,59,true,2003-09-29 07:24:45
222,1264,10,407.14,16,false,
148,842,2,351.81,26,false,
250,806,13,254.85,30,true,1987-05-11 11:18:37
196,1518,1,646.66,26,true,1976-12-04 18:36:05
110,1404,6,358.10,48,false,
71,51,23,573.30,13,true,1974-07-01 14:09:24
271,215,13,388.63,30,false,
270,1513,10,631.54,54,false,
44,164,23,53.67,63,false,
160,880,11,727.07,16,false,
384,41,18,738.47,58,true,1994-05-30 23:42:34
373,978,14,847.51,68,true,2017-11-09 00:58:18
332,1656,20,764.09,44,true,1991-12-25 08:03:05
151,629,24,373.53,67,true,2000-08-10 10:58:36
161,1071,8,771.09,71,false,
235,903,20,968.32,44,false,
191,122,2,14.82,18,false,
43,833,19,882.00,27,false,
336,1841,13,383.22,23,false,
349,470,24,93.05,6,false,
445,993,7,507.81,82,true,1997-02-09 05:56:29
213,1398,19,205.78,97,false,
485,32,1,287.77,94,false,
220,669,20,968.16,100,false,
51,1811,10,372.53,27,true,2014-06-12 01:19:25
329,656,17,555.36,23,false,
186,626,24,268.48,96,true,1985-09-16 11:52:37
269,1566,6,540.65,7,true,2009-08-23 13:16:04
493,673,13,545.03,7,false,
394,355,21,691.81,31,false,
481,672,2,142.11,87,true,2000-01-18 13:49:39
195,1330,20,503.56,1,true,1998-12-02 00:30:24
296,53,10,615.64,80,false,
322,1296,4,136.07,4,false,
260,1033,15,212.40,18,false,
64,1005,23,737.87,76,true,1980-08-02 12:24:33
42,1372,20,819.13,8,true,1985-11-24 10:02:37
201,1915,2,478.45,0,false,
202,103,9,141.79,89,false,
363,1459,24,901.24,11,true,2016-09-25 11:18:35
464,982,19,897.85,38,true,1971-06-23 01:59:28
242,1176,17,389.37,15,false,
372,630,24,612.98,48,false,
217,1936,16,508.02,96,true,2010-10-13 02:52:26
335,1483,12,527.43,42,true,1993-03-22 15:31:25
82,666,21,954.22,48,false,
90,380,16,856.93,3,true,2003-06-13 05:39:09
82,259,6,928.41,80,true,2019-01-03 17:21:37
401,1589,7,497.35,44,false,
245,1162,4,19.96,34,true,1984-02-20 23:50:02
183,1302,5,406.27,26,false,
337,1933,15,187.77,8,false,
215,1962,1,0.45,54,true,1986-01-18 12:36:26
243,1608,7,43.11,97,false,
256,456,19,979.79,43,false,
357,976,14,817.65,7,true,2013-02-25 15:04:56
56,1542,24,542.59,94,true,1977-05-21 17:41:56
224,773,19,246.37,0,true,1987-09-25 09:00:50
156,214,18,235.21,62,true,1987-05-16 01:08:41
449,454,20,225.28,35,true,2004-02-26 02:27:39
481,1655,14,554.95,66,false,
129,1902,18,426.12,46,false,
353,1044,22,61.51,85,false,
198,1173,18,749.65,61,false,
461,377,15,424.49,41,true,1999-10-12 05:09:53
236,1565,7,18.85,61,false,
75,1827,5,771.79,89,true,1975-09-22 08:16:00
312,357,18,539.24,10,false,
459,1473,18,286.96,70,false,
48,1558,21,218.54,92,true,1981-06-01 09:54:05
117,1774,5,41.49,84,true,1989-09-30 12:22:02
319,358,11,256.09,48,true,2012-12-18 23:36:37
38,244,14,900.96,8,false,
166,1710,10,996.65,59,false,
82,995,18,525.66,20,false,
96,576,8,590.81,9,true,1984-01-24 14:41:55
451,503,12,717.86,13,true,1976-09-04 19:35:29
389,1874,9,662.18,63,true,1981-08-22 15:55:55
477,1672,19,48.55,13,false,
15,1759,15,672.64,74,false,
401,576,23,440.80,72,false,
90,1181,3,636.58,99,true,2014-09-21 15:54:01
232,1437,0,408.90,17,true,1994-11-07 03:01:23
152,365,2,810.56,57,false,
100,1594,18,161.42,54,true,1990-09-22 09:08:09
268,4,24,790.66,94,false,
260,198,21,270.54,81,true,2009-07-20 23:40:36
22,989,22,83.87,19,false,
130,594,21,206.24,90,true,2003-08-09 08:30:19
176,244,9,758.37,8,true,1978-05-12 16:06:45
448,1332,22,602.46,64,true,1996-04-30 02:32:52
447,1669,7,606.73,75,false,
37,1923,11,151.59,33,false,
141,1226,23,210.56,68,true,1976-03-02 07:36:50
446,186,20,18.55,72,true,1972-09-29 00:02:03
347,1620,0,467.59,13,true,1996-05-15 02:33:25
460,265,19,234.71,26,false,
474,1556,4,620.73,87,true,1976-02-28 16:08:05
343,1804,6,991.78,94,true,1972-04-12 05:34:37
162,418,8,76.88,67,false,
79,1319,11,440.47,31,false,
269,673,10,743.86,52,false,
230,1273,18,519.36,87,true,1988-10-03 22:20:47
183,7,21,341.29,59,false,
114,1605,17,170.47,93,true,1999-06-06 17:48:14
418,1863,18,427.88,62,false,
449,932,9,806.89,35,true,2003-08-20 20:27:21
315,103,1,214.32,81,false,
201,1092,22,218.08,91,true,1997-06-17 02:56:54
421,59,20,473.69,75,true,1971-04-30 14:17:33
71,360,6,318.91,35,true,1988-05-20 19:51:45
67,379,24,812.14,94,true,1975-03-09 22:56:41
348,972,24,95.91,84,false,
223,1513,11,486.49,91,false,
121,1623,17,792.53,33,true,2010-01-08 18:00:15
281,526,5,1.45,51,false,
338,1894,2,612.75,23,true,2010-12-26 08:34:16
36,193,5,495.36,29,false,
480,1024,20,991.38,96,false,
124,1134,21,407.34,60,true,2021-05-18 19:38:48
194,156,23,267.32,59,false,
278,1116,14,587.40,5,false,
237,1464,16,815.53,57,false,
219,637,6,279.63,73,true,1979-02-22 16:47:29
107,1022,24,930.13,16,false,
490,418,18,345.10,94,true,2008-03-27 21:43:01
172,303,23,437.55,56,false,
161,469,17,673.09,54,false,
489,1441,12,334.24,65,false,
209,426,4,354.74,52,true,1998-03-05 20:06:24
229,999,15,358.86,18,false,
250,874,10,258.44,50,false,
72,153,9,935.79,0,true,1990-10-14 11:46:08
268,27,2,33.95,9,true,1971-07-15 16:27:26
22,1553,22,589.84,76,true,1976-06-18 01:03:19
245,1532,9,886.96,61,false,
112,1404,24,830.79,71,true,1977-07-18 22:49:59
431,1558,13,206.67,49,false,
330,413,10,360.21,30,false,
247,1699,19,786.93,79,true,1974-08-20 13:52:18
367,45,10,511.45,99,true,2021-08-31 14:27:16
104,1446,21,531.35,33,false,
158,470,7,261.47,12,true,1993-09-06 15:52:00
440,1317,21,41.70,7,true,2014-07-10 02:54:45
29,1010,11,148.15,82,false,
110,582,13,257.92,25,true,2016-04-09 14:46:15
303,1666,11,664.45,62,true,2001-11-01 17:04:51
448,104,19,249.41,28,false,
482,744,22,266.02,77,false,
325,242,0,954.99,36,true,1983-01-22 18:59:19
27,1574,2,612.15,47,true,1981-11-08 01:46:51
146,378,2,404.90,88,false,
478,1532,17,244.62,12,false,
159,754,20,590.33,79,false,
493,1962,3,670.43,8,false,
143,1732,11,402.60,38,true,2012-05-26 01:41:05
12,558,6,7.74,64,true,1991-09-18 10:19:54
170,244,14,97.69,72,false,
11,18,19,298.05,82,false,
20,1060,24,843.14,67,false,
310,1245,4,406.08,47,false,
452,70,11,945.73,20,false,
391,365,2,352.45,70,true,1980-06-17 16:13:44
333,1044,12,881.68,4,false,
97,816,2,155.48,37,true,2003-05-02 23:09:11
431,1330,14,646.74,40,true,2013-09-07 11:33:11
174,1594,18,161.30,17,false,
233,1874,9,230.89,18,true,1991-07-06 02:04:58
256,466,8,408.46,67,true,1996-07-19 22:01:34
140,330,18,933.75,6,true,1983-06-17 01:51:14
453,800,2,993.66,70,false,
162,1086,4,313.90,49,true,1982-08-17 04:09:43
123,717,8,939.85,91,false,
292,275,4,278.01,71,false,
473,215,13,301.55,81,false,
461,327,5,2.76,77,true,1981-01-08 03:07:51
31,1448,5,277.03,79,true,1976-03-25 10:29:37
370,33,0,363.43,96,true,2015-04-05 13:03:51
318,1987,18,197.85,81,true,2014-05-10 05:52:54
339,72,1,324.73,48,false,
336,520,6,191.12,44,false,
1,799,0,913.97,90,false,
322,261,15,518.61,85,false,
160,599,13,373.34,39,false,
229,1777,12,291.60,57,false,
312,1658,7,670.60,82,true,2008-08-16 10:38:25
216,260,9,629.39,44,true,1975-12-31 19:47:04
288,1508,17,749.48,81,false,
47,1329,11,113.27,62,true,2000-06-10 08:29:06
306,71,12,674.34,12,true,2020-09-28 01:45:22
465,867,19,167.37,79,false,
381,1098,14,66.76,51,true,1987-11-05 05:57:03
268,1708,16,676.31,29,true,1995-12-30 01:51:41
166,1134,17,468.80,75,true,2012-05-14 12:08:44
178,672,17,124.28,37,false,
25,184,3,734.30,74,true,1972-12-18 04:13:21
415,692,20,622.98,74,true,1997-09-22 18:20:46
91,1180,8,769.86,29,true,1994-04-26 10:36:14
205,754,6,686.62,22,true,1976-01-09 04:54:12
100,809,4,713.49,16,false,
499,1283,13,843.90,36,false,
415,1993,11,181.98,22,false,
255,1996,15,154.49,85,false,
66,1419,12,318.94,62,false,
397,1800,6,148.86,86,false,
402,1635,9,968.56,57,true,2011-06-21 06:00:05
61,18,10,80.78,1,false,
203,1153,0,419.70,39,true,2005-12-08 17:48:59
414,1005,17,467.91,35,true,2020-10-28 13:47:30
216,280,8,407.96,85,false,
409,564,0,889.62,30,false,
1,215,18,808.46,66,false,
469,1403,12,991.03,1,false,
242,200,19,312.86,69,false,
355,33,0,915.33,13,true,1999-07-05 07:00:25
174,1362,14,254.57,61,true,2000-08-14 16:21:22
195,1409,2,315.77,20,true,2000-03-19 01:32:09
354,762,9,960.60,70,false,
124,478,10,316.73,34,false,
254,265,0,381.97,18,true,1988-09-25 15:46:47
329,1255,6,818.91,36,true,2020-06-12 21:38:56
200,1277,13,881.36,12,false,
199,215,6,684.98,62,false,
364,1204,17,128.31,47,true,2000-09-05 01:26:40
417,999,19,882.84,30,false,
377,1559,21,511.72,21,true,2003-04-02 07:45:22
292,1872,14,318.21,52,false,
288,1275,21,693.84,66,true,1983-03-23 15:24:00
59,1033,6,277.66,17,false,
65,318,18,510.49,32,false,
447,699,3,697.64,45,true,2019-08-22 04:38:36
427,1997,4,929.76,1,false,
496,612,22,253.86,67,true,2021-12-01 03:27:17
283,1893,14,760.66,25,true,2005-04-17 23:02:09
169,1129,0,898.06,60,true,2020-11-05 04:11:57
135,416,19,566.14,37,true,2008-03-13 15:41:29
263,1669,7,697.76,68,false,
69,1832,22,867.88,13,true,1987-01-01 22:26:59
366,137,15,593.19,26,true,1990-10-08 09:40:56
403,271,18,56.99,29,false,
424,727,9,969.99,61,true,1971-08-23 17:06:40
443,437,24,585.43,57,false,
59,1297,4,903.46,36,false,
485,1273,16,479.49,76,false,
275,994,14,673.89,23,true,2002-02-03 18:24:06
461,1922,13,544.15,51,true,2021-02-03 22:58:08
293,1666,11,605.12,70,false,
252,1069,11,234.30,62,true,1982-11-30 20:16:34
203,780,21,131.68,42,false,
163,971,21,146.32,25,false,
265,989,22,375.13,98,true,1971-11-20 12:51:20
367,941,11,461.96,41,true,2005-03-29 22:26:43
451,247,20,259.07,62,true,1972-10-22 14:14:36
409,733,19,508.61,33,false,
429,334,16,854.15,21,true,1978-01-12 03:47:51
240,1290,17,837.09,30,false,
91,997,11,182.19,33,false,
445,378,19,515.14,72,true,1970-12-21 04:12:07
335,856,18,977.71,37,true,2018-06-26 21:54:39
167,1236,0,168.64,47,false,
56,405,19,271.33,72,true,2016-12-09 20:19:23
458,1844,7,705.52,65,true,1976-04-23 02:53:29
121,1477,11,100.57,84,false,
483,455,3,512.78,70,false,
19,1,21,211.92,41,false,
172,978,14,827.54,67,false,
457,919,12,509.49,42,true,1991-05-16 15:52:46
222,380,16,594.30,8,true,1990-01-23 12:36:35
229,1854,17,661.88,2,false,
23,1059,8,396.66,14,true,1993-07-13 15:15:52
425,541,4,584.63,22,true,1991-09-08 08:01:17
336,986,15,737.01,31,false,
437,1871,17,172.58,60,false,
391,772,24,717.99,83,false,
168,1982,23,926.96,86,true,1983-01-21 01:59:31
422,1672,23,902.39,99,false,
114,482,0,561.14,70,true,2001-11-26 22:23:29
35,1893,15,392.88,47,false,
465,634,7,952.96,30,true,2009-03-05 10:52:02
494,1747,22,90.94,75,true,1985-03-19 15:25:04
1,1757,19,446.46,43,false,
422,67,22,625.19,47,true,2013-12-31 10:34:21
303,986,21,272.47,85,false,
224,1531,10,25.68,68,true,2021-07-30 15:34:18
108,1746,11,144.66,11,true,1983-08-01 05:49:25
64,681,7,36.36,89,true,1998-01-28 00:47:43
116,1026,20,965.54,90,true,1989-01-29 01:39:33
264,84,6,686.81,43,false,
233,1773,18,853.24,40,true,1987-11-24 21:04:35
165,664,15,447.72,57,true,1979-07-08 12:42:15
424,954,19,861.10,34,false,
163,1732,18,72.72,28,true,1990-01-21 10:06:01
124,137,5,506.62,14,true,1996-02-23 05:36:39
216,1641,14,997.53,5,true,1982-01-09 16:21:41
204,1932,15,915.68,36,true,1977-01-22 01:52:19
175,499,13,266.14,19,false,
421,126,4,451.55,37,false,
194,173,4,754.85,77,true,2009-03-27 23:39:13
452,1557,24,840.33,15,true,2005-05-17 03:42:54
12,1003,1,877.55,81,true,2021-07-23 04:22:00
296,1446,11,302.39,17,true,2014-07-28 04:34:17
89,1318,21,388.54,83,true,1972-07-15 03:58:09
258,1032,2,89.56,17,true,1995-09-15 08:35:10
319,1541,0,690.16,56,true,2012-12-30 03:11:17
387,844,24,736.41,1,false,
321,46,20,617.76,8,true,1997-09-21 03:04:14
163,1446,11,56.36,26,false,
348,563,14,858.90,41,true,1975-12-15 07:12:16
247,424,23,741.43,91,true,2021-10-18 06:04:44
290,78,17,565.76,8,false,
86,1845,17,36.26,2,true,2004-10-28 21:59:46
465,1509,0,526.70,68,false,
342,519,17,517.07,29,false,
488,890,14,40.07,82,false,
156,1032,23,18.43,69,true,1996-06-15 14:21:20
331,1792,2,9.87,40,false,
17,168,13,2.22,21,true,2016-01-27 18:31:05
368,1919,11,892.85,46,true,1993-05-26 12:59:27
323,323,16,207.39,46,true,1984-04-18 19:52:16
274,993,6,711.64,52,true,2020-07-21 04:42:55
454,1832,21,329.79,53,false,
460,593,18,236.50,18,false,
184,1137,4,666.53,45,false,
131,439,4,272.51,94,false,
51,951,19,680.14,12,false,
277,1923,11,408.62,11,true,1977-04-19 23:20:11
128,753,10,244.10,56,true,1970-07-27 20:10:11
53,554,9,298.96,32,false,
496,1311,5,915.91,19,true,2015-11-15 08:17:37
74,76,18,916.31,64,false,
307,1676,2,188.51,72,true,2013-07-22 08:44:52
202,997,11,479.65,13,true,1997-09-12 23:15:29
95,1529,4,677.86,65,false,
310,1003,1,671.11,60,false,
289,772,14,661.67,89,false,
339,327,21,508.38,16,true,1974-12-01 10:49:16
306,139,13,766.58,12,true,2016-11-27 20:34:43
127,313,16,281.98,85,false,
460,523,18,734.96,20,false,
438,1327,17,101.39,94,true,1994-03-16 22:16:15
463,1909,0,415.68,10,false,
213,1591,3,36.68,42,true,1984-07-01 00:01:25
140,986,4,210.26,70,true,1993-06-20 20:07:44
0,134,21,544.01,24,false,
366,1375,10,675.18,38,false,
479,591,20,531.74,33,true,2007-01-06 04:00:58
22,434,3,180.37,69,false,
394,1146,16,23.00,25,false,
432,485,2,526.57,89,true,1988-01-25 03:08:20
311,618,23,570.36,28,false,
451,576,18,97.92,53,true,2018-05-05 00:08:21
382,1053,21,429.97,20,false,
95,1384,15,479.33,94,false,
5,98,6,999.58,21,false,
254,591,8,457.45,56,false,
168,181,2,81.15,21,false,
144,1340,16,33.96,95,true,2012-01-28 02:51:21
28,334,7,596.91,65,true,2007-09-01 13:55:20
135,1427,19,871.61,95,false,
198,942,14,654.97,31,false,
372,619,1,590.77,53,true,2012-02-16 04:31:30
35,525,16,947.79,8,false,
27,377,20,743.42,62,false,
301,325,24,931.15,12,true,2003-02-02 17:53:02
327,986,23,484.70,54,false,
177,650,2,542.99,23,true,2017-10-28 00:08:23
328,1216,14,605.02,74,false,
7,357,3,421.66,61,true,1986-12-06 12:31:32
17,840,1,290.19,11,false,
494,46,21,780.85,3,false,
358,241,4,495.35,12,false,
101,1997,11,536.07,37,true,1986-01-15 15:04:12
116,411,23,957.40,81,true,1987-12-07 16:13:33
279,1313,8,95.95,47,false,
288,425,20,546.26,21,false,
208,576,18,99.15,14,true,2010-01-25 14:21:13
261,1405,4,390.32,4,false,
141,1335,16,322.33,88,true,2005-02-02 19:32:49
3,360,8,361.40,31,true,1981-04-27 20:47:34
81,689,23,914.33,95,true,2002-07-07 02:31:38
179,27,4,334.06,60,true,2017-06-14 14:56:22
257,135,22,477.83,71,false,
91,1290,17,645.35,13,false,
43,1427,5,955.01,30,true,2020-10-09 20:03:34
457,1197,20,541.76,13,false,
305,1766,8,277.71,85,true,1992-01-28 01:49:05
188,919,3,786.83,61,true,1980-01-16 06:41:27
119,854,6,323.26,92,true,2009-05-25 20:49:54
307,263,6,314.92,16,false,
295,275,11,401.89,0,false,
261,249,2,611.11,51,true,2013-06-12 13:26:48
288,1620,0,676.66,91,true,1989-02-12 18:16:45
268,282,6,783.65,96,true,2017-02-25 00:01:29
107,1872,21,471.78,86,false,
288,1557,17,720.84,29,false,
336,1620,0,15.01,96,true,2016-12-18 16:02:44
382,1522,15,336.17,32,true,2005-04-19 08:59:25
281,1545,12,725.51,4,true,2004-08-27 21:42:29
493,1568,8,807.80,26,true,1978-08-10 13:26:57
413,1359,17,983.66,85,false,
18,1839,20,477.46,64,true,1970-10-11 03:18:12
492,15,9,698.35,54,true,2018-11-15 02:19:02
213,437,24,359.39,43,false,
491,826,1,454.43,84,false,
140,634,7,708.26,81,false,
248,1033,6,8.40,66,true,1975-06-29 17:17:43
178,1199,2,405.42,60,false,
290,792,2,99.85,63,true,2008-11-08 19:08:13
201,1101,6,32.11,37,false,
395,1538,17,83.78,41,true,1989-12-12 21:43:36
246,1380,19,894.96,93,false,
306,1218,14,940.29,46,false,
223,522,14,739.43,20,true,1981-08-09 21:13:14
123,1653,1,495.61,57,false,
324,1680,4,104.65,83,false,
319,1405,6,630.51,98,true,1998-05-29 04:45:09
134,464,8,169.65,69,false,
76,1389,7,672.85,11,false,
349,1518,1,27.23,22,false,
131,1029,23,616.00,23,false,
94,874,12,403.72,22,true,1979-02-11 10:32:16
100,134,12,316.26,96,true,1970-08-29 19:25:10
44,365,2,993.21,71,true,1997-05-19 13:47:52
263,1593,17,694.42,6,true,2011-04-29 09:56:02
353,1204,11,246.50,89,true,1990-03-21 19:05:38
239,502,23,787.54,67,false,
36,989,15,880.62,48,true,2015-04-22 22:26:43
121,1881,12,713.06,25,true,2010-04-14 07:17:16
325,1368,14,549.50,5,false,
363,33,0,311.83,91,true,1986-10-09 01:15:40
486,1994,10,855.17,75,true,1996-02-03 08:03:20
476,1507,23,198.53,14,true,2020-07-20 12:53:49
159,1176,17,277.96,1,true,2003-08-12 02:33:00
444,959,24,227.08,30,true,2006-05-07 03:36:28
352,1166,13,149.02,18,true,2016-07-29 08:44:37
136,963,3,679.19,24,false,
373,949,7,287.80,74,false,
340,1680,4,773.21,73,false,
70,1413,23,804.84,92,true,1992-10-01 13:03:40
64,672,17,158.66,94,true,1974-03-20 09:30:07
349,1475,24,564.44,8,false,
62,1516,2,609.62,66,false,
477,867,11,557.93,28,false,
254,121,10,248.64,93,false,
90,294,19,418.22,20,true,2002-03-07 11:49:11
128,220,5,500.45,43,false,
362,666,21,338.31,14,false,
205,709,13,214.15,35,false,
56,1998,13,302.15,64,false,
385,1299,10,580.57,42,false,
67,675,15,199.28,20,false,
497,214,18,758.73,61,true,1990-02-01 03:51:00
90,342,24,528.48,94,true,2021-12-30 19:07:22
321,564,0,353.28,72,true,2001-12-23 01:23:00
177,360,6,296.17,7,false,
323,552,17,18.10,58,true,2012-01-29 13:32:23
453,1209,7,428.16,34,true,1995-03-30 19:45:38
476,1657,1,438.66,23,false,
292,1409,2,917.62,88,false,
327,98,23,687.52,20,false,
225,706,5,149.61,4,true,1986-07-07 02:50:32
358,949,14,847.25,74,false,
72,780,21,244.12,46,true,1972-09-02 23:41:44
399,1251,8,782.32,41,false,
456,1167,13,555.89,25,false,
237,1158,13,454.56,62,true,1992-03-30 06:46:45
329,673,13,191.87,71,false,
217,164,22,784.12,38,true,2017-10-18 01:46:11
110,1211,14,133.13,12,false,
68,423,0,978.52,75,false,
465,74,9,786.07,68,true,2005-05-25 05:12:56
276,1170,3,800.10,9,true,1970-04-17 05:16:57
283,1505,7,618.40,26,false,
83,754,4,369.40,62,false,
34,209,19,424.85,4,true,2007-11-28 01:15:31
490,76,24,312.03,6,true,1978-11-10 11:06:02
94,962,20,763.81,17,true,2010-06-22 17:16:59
270,1710,12,754.63,17,false,
289,543,13,171.49,43,false,
326,179,23,801.92,90,true,2003-02-21 17:31:28
335,164,22,196.82,22,true,1984-09-20 00:30:36
257,826,1,760.17,83,true,2021-04-26 13:29:59
264,1947,14,500.52,17,true,1971-04-10 20:22:10
288,1575,12,787.82,80,false,
24,751,1,185.60,62,true,1991-11-03 08:45:04
469,1112,2,676.87,5,true,2000-11-17 12:13:32
383,887,4,452.32,80,false,
343,578,24,182.24,4,true,2000-05-09 19:41:09
465,164,23,174.62,29,true,1989-11-19 07:38:43
167,1347,9,422.76,51,true,1978-04-22 13:01:22
164,1162,18,925.52,34,false,
15,1451,10,977.39,94,false,
363,656,19,376.35,47,true,1976-05-19 08:33:49
197,247,20,145.05,69,false,
227,323,7,614.43,24,false,
377,1959,11,940.83,8,false,
284,1921,14,179.85,37,false,
209,845,2,930.86,75,true,2019-04-06 01:04:08
416,740,23,618.74,76,true,2002-05-07 04:40:29
335,1784,1,937.17,45,false,
76,1049,10,596.91,45,true,1993-08-17 09:44:58
418,1259,0,842.83,64,false,
450,1655,14,760.98,87,true,2000-11-02 12:31:14
330,1475,17,54.21,9,false,
14,179,8,779.17,18,false,
165,1185,0,58.84,18,true,1997-02-28 09:18:05
404,1653,1,838.08,38,false,
12,347,7,459.67,17,true,2009-12-03 21:04:33
260,656,1,2.50,81,true,1998-08-09 08:48:49
236,132,16,930.51,69,true,1982-06-08 16:37:25
336,675,5,65.25,88,true,2018-04-03 05:07:11
117,612,10,648.28,31,true,2015-11-27 00:11:29
231,51,15,532.51,84,false,
24,923,17,12.73,53,true,2020-11-08 05:15:26
357,1094,8,988.36,92,false,
160,593,3,200.61,12,true,1986-01-02 04:20:42
132,511,6,836.66,87,true,1993-09-29 10:07:14
237,844,15,990.19,33,false,
12,1099,2,746.93,88,false,
240,1568,3,640.65,57,false,
255,717,3,514.36,71,false,
268,548,20,525.91,8,false,
345,1881,21,331.86,7,true,2016-09-23 05:43:53
158,1201,16,611.14,46,false,
387,1850,24,307.69,14,true,2015-06-17 09:00:01
281,94,7,307.11,94,true,1984-01-16 08:44:02
91,1701,21,64.49,55,true,1973-04-30 16:20:57
282,1988,18,9.74,72,false,
157,1477,11,974.05,24,true,1984-12-25 07:26:00
37,157,8,884.29,41,true,1979-11-06 19:38:32
360,523,18,933.23,85,false,
491,1907,4,339.86,44,true,2002-04-10 17:25:39
435,84,24,525.95,5,false,
304,1106,21,845.73,9,true,1991-11-28 11:08:48
237,864,0,137.89,35,false,
52,388,1,697.25,50,false,
367,271,18,593.50,13,true,1985-03-14 22:52:38
409,563,18,155.54,34,true,1989-12-17 00:11:20
42,1602,8,680.02,45,false,
431,1784,12,823.43,18,true,1991-08-19 13:17:26
161,537,22,734.49,74,true,2005-02-13 09:08:42
94,1470,16,288.60,67,false,
480,1520,9,342.82,61,false,
34,928,8,943.04,62,true,2013-08-26 14:51:06
483,434,3,561.84,84,false,
28,586,7,384.34,27,true,2016-07-03 14:38:43
211,1529,16,274.23,94,true,2012-09-05 13:18:51
132,1982,23,683.94,10,false,
267,1768,6,388.25,2,true,2018-11-14 11:30:52
113,872,2,217.76,79,false,
339,1099,2,478.39,64,false,
32,888,6,862.46,62,true,1981-11-22 17:39:21
418,327,11,417.79,97,true,1974-06-08 07:23:43
182,1785,17,728.45,27,false,
136,1026,18,569.80,8,true,2001-06-13 06:52:09
409,1170,13,339.30,59,false,
358,1437,0,759.39,15,false,
123,1398,19,405.79,0,false,
362,488,7,679.55,22,true,2018-10-03 09:17:46
256,1396,14,559.18,5,false,
391,1597,5,167.26,90,false,
320,1234,22,593.86,69,false,
196,1998,7,912.48,74,false,
363,911,11,124.71,13,false,
310,810,11,513.68,28,false,
403,1480,19,264.74,28,true,1993-09-10 07:36:40
357,461,16,279.66,26,true,1988-08-06 11:42:30
251,1247,0,594.16,75,false,
57,5,5,617.72,12,false,
196,687,5,328.41,63,true,2009-09-17 15:28:41
145,231,2,837.94,37,false,
180,209,7,790.54,63,false,
104,1982,23,925.90,16,false,
125,107,2,398.88,56,false,
492,1854,4,812.68,77,false,
241,578,24,529.96,1,false,
184,1305,2,827.44,63,true,1999-02-19 07:36:32
40,1285,16,628.20,19,false,
96,1522,2,752.01,53,false,
59,928,6,427.01,98,true,2016-03-22 14:42:30
99,833,21,304.05,12,false,
467,1217,7,961.08,55,false,
491,949,0,119.00,88,false,
258,1983,16,540.60,95,false,
23,1844,18,5.66,3,true,2010-12-10 09:49:21
60,122,12,241.80,17,true,2000-04-24 00:27:41
224,1416,2,828.42,75,true,2020-05-16 01:56:29
63,762,9,990.61,87,false,
486,951,19,794.13,86,true,2003-06-18 15:41:29
413,156,23,39.50,84,false,
46,1081,9,735.30,91,false,
66,275,0,17.23,95,true,2014-11-07 01:37:05
417,1855,14,29.41,40,false,
135,778,17,56.23,67,true,1971-10-10 01:10:10
165,1436,1,619.35,5,true,1983-09-14 13:18:39
229,71,1,103.04,79,true,2017-03-22 06:34:23
172,394,1,329.71,85,false,
250,189,0,927.06,2,false,
254,1464,23,427.67,76,false,
373,437,22,931.76,78,false,
421,822,22,951.39,37,false,
115,856,5,19.19,65,true,1996-01-18 13:06:10
51,1600,8,836.48,61,true,1978-05-27 03:10:26
403,1991,16,822.96,23,false,
407,864,23,135.00,49,true,2014-11-26 15:57:33
122,564,0,466.47,51,true,2007-09-17 08:26:25
277,1446,11,587.46,28,false,
451,748,17,457.35,19,false,
200,890,14,455.39,69,true,1990-09-01 23:55:43
255,741,2,183.44,39,true,1979-06-11 18:39:57
390,1642,11,186.16,31,false,
0,811,23,647.36,22,true,2015-07-21 16:27:19
170,317,2,232.36,34,false,
480,1538,24,640.57,49,true,2021-08-12 19:55:54
268,224,1,642.77,92,true,2000-06-10 19:34:26
176,874,5,490.64,11,true,1991-01-23 20:04:27
496,1394,12,397.64,17,false,
82,1768,10,554.94,57,false,
36,1981,9,544.68,43,false,
288,67,12,355.00,25,false,
69,1375,10,272.04,57,false,
367,1908,10,151.41,5,false,
176,1799,20,417.21,48,true,2013-05-18 07:22:34
449,355,21,48.21,71,false,
110,251,11,810.77,92,true,2000-08-30 12:55:26
492,323,24,781.81,85,true,1993-10-23 19:51:40
114,51,15,74.37,78,true,1977-12-06 10:57:05
368,581,11,602.54,7,true,2012-01-09 11:02:43
119,200,19,98.47,92,true,2005-11-10 07:46:20
80,1764,2,279.46,38,true,1970-04-15 02:42:44
49,351,14,218.88,12,false,
77,1921,4,267.49,91,false,
103,82,16,7.44,94,false,
140,814,9,930.98,57,false,
474,1799,6,824.51,13,true,2013-03-10 20:35:57
25,661,23,674.25,86,false,
169,1352,2,981.33,88,false,
448,1444,6,595.26,66,false,
84,707,12,826.49,84,true,1993-07-23 02:46:43
308,1271,17,518.84,78,false,
379,1262,0,148.97,57,true,1986-10-06 17:32:24
297,811,15,259.04,36,true,2018-02-11 08:56:14
333,249,3,539.60,79,false,
413,1335,20,666.88,15,false,
433,1199,2,498.84,57,false,
414,1994,10,581.13,86,false,
493,681,7,394.22,70,false,
492,1159,15,702.51,57,false,
148,208,10,406.86,96,false,
326,146,16,187.22,14,false,
444,1637,9,512.82,54,true,1983-09-12 05:00:26
91,203,16,276.89,100,false,
357,1767,1,31.81,65,false,
110,646,8,345.87,29,true,1997-07-07 19:06:07
344,740,18,571.74,97,false,
221,529,5,321.83,64,false,
68,378,2,340.47,49,false,
213,469,17,943.78,26,true,1976-04-24 13:17:40
173,872,2,495.79,84,false,
364,749,5,667.05,1,false,
483,1800,7,494.26,75,true,2014-05-08 13:53:04
49,833,21,212.73,64,true,2000-04-19 14:56:54
54,255,13,576.06,79,false,
232,1304,1,694.02,76,true,1998-04-20 23:18:15
329,1209,7,649.42,59,false,
386,982,19,903.30,77,true,1979-06-02 19:20:59
401,1122,1,684.70,70,false,
294,498,0,535.07,83,true,1980-11-06 09:59:58
78,1008,3,494.52,48,false,
50,1076,0,672.39,23,true,2011-12-05 20:41:20
189,1097,3,668.48,84,false,
222,500,16,501.26,5,false,
198,46,17,39.36,65,true,2016-07-30 01:06:53
100,814,21,826.40,48,false,
214,630,24,574.97,15,true,1985-12-28 08:41:15
455,112,11,314.16,39,true,1977-04-27 03:16:05
251,122,12,53.28,60,false,
409,646,11,864.11,77,true,2000-12-01 08:27:23
83,972,24,574.62,49,false,
118,1998,7,885.90,69,false,
94,932,20,233.26,4,true,1991-10-13 21:33:01
480,941,11,610.57,97,false,
342,1527,22,86.11,76,false,
115,1982,21,239.88,74,false,
124,608,8,73.32,36,true,1976-12-25 05:48:50
454,1799,4,819.56,48,false,
273,103,1,618.61,25,true,1981-12-03 23:20:42
39,1422,22,464.36,63,false,
54,8,10,648.51,23,false,
405,192,10,148.89,57,false,
236,876,7,188.27,25,true,1989-09-25 09:30:17
255,1448,18,308.47,78,true,2007-01-06 01:20:39
178,758,5,848.36,19,false,
351,181,2,289.85,38,false,
341,263,6,163.56,27,true,2018-11-10 04:46:34
49,1886,23,470.44,90,false,
98,1506,13,214.31,83,false,
496,1316,6,540.38,29,false,
172,225,15,465.07,54,true,1974-08-01 11:21:53
144,1741,21,634.27,37,false,
20,1318,21,943.40,13,true,1985-07-27 14:56:51
102,1343,2,292.75,10,false,
173,1802,16,338.66,88,true,2013-06-02 23:42:52
182,524,13,967.32,32,true,2012-03-09 05:49:42
346,220,21,232.80,93,false,
317,1239,1,936.55,9,true,1981-01-19 12:16:26
390,1842,16,935.60,0,false,
427,104,4,55.68,28,true,1987-07-06 00:41:15
162,1710,22,866.77,9,true,1983-07-22 12:21:43
73,887,24,70.38,60,true,1970-05-25 19:30:48
347,1682,10,825.87,49,true,1987-08-01 09:28:51
57,834,20,666.76,39,false,
427,83,4,837.74,75,false,
216,706,10,150.04,44,false,
5,587,21,431.69,12,true,2001-08-02 16:35:43
80,1784,10,603.05,64,false,
211,1994,24,592.79,78,false,
296,1984,3,910.16,78,false,
94,1024,20,787.72,53,false,
254,1715,8,53.50,43,false,
34,741,13,497.23,21,false,
412,450,10,499.92,13,true,1996-11-05 09:43:32
274,520,20,952.51,7,true,2008-04-26 02:12:06
215,1878,19,836.49,34,false,
481,482,0,548.03,24,false,
404,1800,24,486.56,10,false,
344,852,4,187.66,65,true,2018-04-10 18:50:12
90,58,14,906.02,17,true,2018-02-18 07:22:30
246,1143,14,413.54,57,false,
176,961,6,532.28,37,true,1978-04-30 20:43:27
258,1921,4,162.97,57,true,1987-04-14 18:22:56
234,1387,11,853.75,40,false,
174,345,14,964.68,22,false,
346,1389,10,679.55,88,false,
457,238,12,935.09,8,true,2013-04-13 08:25:21
273,1311,5,3.24,13,true,2013-04-26 18:36:03
221,933,18,250.21,19,false,
473,840,1,811.61,13,true,1973-07-16 00:26:49
148,320,24,184.75,77,false,
303,249,1,715.33,26,true,2017-04-26 01:44:05
163,1166,13,977.61,21,false,
38,835,22,585.47,2,false,
14,428,18,826.19,66,true,1975-09-28 13:37:15
499,325,14,220.05,80,false,
216,1206,13,75.45,33,false,
161,1477,11,709.48,13,true,1998-10-12 04:29:30
22,465,5,118.03,26,true,2009-07-15 02:41:28
388,487,24,276.45,97,false,
318,1556,14,236.98,25,true,1983-04-09 13:50:07
256,750,0,898.29,79,false,
210,1558,7,47.04,20,false,
140,586,19,428.94,73,false,
439,1269,24,468.37,94,false,
224,1394,1,829.31,0,false,
263,836,17,593.96,76,true,1999-11-07 05:41:06
403,1059,4,958.66,31,true,1998-01-12 07:07:08
325,37,9,755.02,72,false,
10,146,16,865.44,74,true,2002-10-22 08:43:48
170,1908,7,723.34,88,false,
237,142,14,726.90,71,false,
179,1313,3,542.92,45,true,2009-01-15 14:31:01
407,1102,6,108.69,23,true,2014-11-16 02:01:18
38,951,4,437.92,58,true,1994-09-21 13:12:54
458,147,6,317.44,14,false,
148,271,18,385.80,49,false,
402,781,5,73.49,83,false,
423,135,22,195.94,88,false,
217,1327,18,369.93,58,true,2021-08-05 20:59:29
316,216,24,728.39,71,true,1987-12-18 04:54:12
274,214,18,6.98,43,false,
157,1341,13,259.21,65,false,
73,334,1,54.29,48,false,
459,466,8,231.69,52,false,
117,608,19,434.66,23,false,
128,1026,18,132.55,43,false,
176,957,23,791.61,44,true,2008-09-14 17:04:39
100,954,19,360.10,34,false,
474,1583,19,239.69,60,true,2002-08-18 03:51:26
390,750,9,636.18,70,true,2010-04-25 23:48:23
119,358,2,142.17,85,false,
190,1538,24,797.31,17,true,1974-09-04 19:34:12
136,1845,24,280.82,20,true,1973-03-04 10:36:08
384,1568,22,361.99,21,true,1976-07-13 10:35:19
322,1767,5,146.92,92,false,
296,19,1,542.90,15,true,1980-01-04 15:57:44
22,1055,3,670.80,92,false,
235,1044,12,865.80,87,false,
469,460,9,415.68,63,true,1981-12-20 13:33:39
186,1278,22,233.69,67,true,1989-10-21 01:42:29
136,499,13,861.22,23,true,2012-12-26 18:35:43
487,1204,20,156.96,10,true,2010-05-18 04:46:07
358,325,13,617.51,9,false,
419,1329,11,543.69,29,false,
460,42,3,926.35,20,false,
177,576,8,254.85,4,true,2013-04-08 16:16:21
280,247,16,391.39,7,false,
81,1799,20,959.40,87,true,2007-11-04 20:02:34
5,1465,4,304.94,2,false,
209,1389,24,21.76,56,false,
173,647,17,320.35,25,true,1971-05-21 22:40:29
324,1682,24,490.52,93,true,1993-06-21 23:03:22
69,327,21,875.46,8,false,
57,114,14,391.74,99,true,1980-09-04 19:34:46
17,902,12,314.85,2,true,2014-04-29 19:13:50
484,153,9,984.35,65,false,
28,985,17,400.36,60,false,
214,1458,13,976.39,96,false,
262,822,14,390.28,89,false,
201,1556,1,48.72,63,false,
387,972,24,301.13,91,true,1996-03-04 18:20:58
245,153,7,313.74,74,true,1984-04-14 10:30:09
396,1003,1,49.76,68,true,1990-08-29 03:23:17
60,1277,13,735.59,41,true,1981-07-20 15:04:34
173,809,18,895.09,33,false,
83,244,13,924.41,88,false,
270,409,6,518.43,0,false,
135,386,18,843.53,89,false,
71,1344,1,219.47,19,true,2021-05-18 19:02:44
186,428,0,341.06,11,false,
299,671,5,951.23,51,false,
445,1260,11,728.78,57,false,
213,815,21,72.25,88,false,
484,1231,17,806.38,84,true,2016-08-02 08:37:47
242,1529,11,189.81,97,true,1991-06-29 05:45:53
301,460,20,836.45,16,true,2014-10-14 17:31:36
429,1776,8,33.28,96,true,2018-10-24 18:50:46
123,1459,6,209.56,14,false,
293,1732,18,995.10,41,false,
3,1190,23,934.64,17,false,
53,583,3,61.39,89,false,
59,1610,11,82.19,5,false,
397,1428,24,472.78,18,false,
87,265,19,109.79,37,true,1972-07-03 19:18:51
179,181,2,328.68,77,true,1977-08-21 13:14:04
301,1874,2,96.36,73,false,
94,121,10,985.79,84,true,1970-11-16 00:04:10
476,1845,17,964.47,72,true,2010-04-21 16:53:04
30,522,14,947.54,29,false,
251,102,4,349.89,99,false,
235,620,14,48.72,48,false,
7,1836,16,839.42,80,true,2013-10-16 01:31:41
351,1327,0,304.67,29,true,1982-04-22 02:49:57
97,302,23,889.26,45,false,
388,1632,10,603.98,72,false,
108,1602,1,131.15,86,false,
281,937,10,684.70,1,true,2000-08-26 00:40:28
479,303,21,959.36,8,true,1972-07-26 01:05:05
43,1854,14,932.74,51,false,
296,1210,16,63.82,98,true,1989-01-18 01:28:49
322,106,0,85.94,30,true,1981-03-12 14:40:37
243,1565,7,108.70,40,false,
60,392,3,854.40,34,true,2018-02-18 00:22:19
425,227,18,477.76,15,true,2006-03-11 17:05:22
395,1839,9,141.43,98,true,2000-06-22 02:25:20
429,188,4,446.36,73,false,
61,1638,8,642.51,76,true,1979-03-13 18:42:57
415,117,11,834.81,52,false,
412,840,1,771.93,75,true,1980-06-08 08:02:23
438,134,21,311.50,25,true,1971-06-06 00:48:43
2,1005,23,734.50,97,false,
406,874,5,551.43,18,true,2009-05-02 21:30:29
393,443,8,432.52,45,true,2014-10-09 20:22:31
359,626,20,447.78,1,false,
139,1530,16,811.11,79,true,1982-08-24 09:08:25
320,553,24,781.04,19,false,
325,881,3,429.01,71,false,
197,1039,12,925.93,32,true,2017-07-05 19:02:49
318,796,8,234.13,80,true,1992-01-03 13:45:10
468,1245,22,634.64,55,false,
111,1906,9,744.84,69,false,
284,634,2,482.78,39,true,2015-01-30 11:29:26
407,1655,14,71.12,58,false,
272,1372,20,246.69,73,true,1980-03-31 00:25:43
132,666,0,438.72,90,false,
279,394,1,791.74,93,false,
218,390,3,167.77,32,false,
6,1725,2,432.46,15,false,
225,102,9,71.23,30,false,
382,1245,17,506.59,87,false,
278,500,17,669.83,61,true,1997-06-16 11:59:21
91,83,4,138.19,27,false,
202,1750,22,467.36,97,false,
136,876,2,944.64,29,false,
16,408,9,515.82,46,true,2020-02-15 12:28:50
156,1678,21,370.11,51,false,
208,826,8,288.87,54,true,2001-10-13 04:21:43
257,1607,6,459.13,61,false,
372,1375,10,667.26,80,true,2008-09-09 08:07:06
38,1305,2,11.69,45,false,
490,929,11,135.86,4,true,1974-09-23 12:57:28
109,1181,1,463.29,42,false,
63,1804,16,596.79,7,false,
321,474,20,35.61,67,false,
358,1698,0,13.44,72,false,
218,1919,5,776.26,92,true,1972-09-26 13:16:59
459,1983,8,844.85,89,false,
22,1262,3,215.19,84,false,
428,42,8,701.69,59,true,1973-01-22 02:33:17
133,766,18,67.38,11,true,2011-08-19 03:46:37
263,12,5,346.22,81,false,
471,1668,15,523.12,6,true,1986-04-17 19:20:30
150,261,11,831.66,85,true,2003-11-21 18:49:26
258,455,13,817.57,29,true,1972-04-13 22:06:25
212,629,4,779.58,53,false,
311,1709,6,800.35,29,true,2004-07-04 10:33:48
86,645,2,549.62,32,true,1983-02-10 15:44:06
415,106,0,655.90,42,false,
479,372,20,981.73,45,false,
298,1384,24,174.16,62,false,
261,1595,11,986.37,100,true,1990-05-17 03:35:50
58,77,15,906.42,83,true,1985-10-11 14:29:54
295,586,22,580.20,99,true,1990-10-03 07:25:18
494,1173,6,914.99,11,false,
174,753,4,746.81,87,true,2014-10-13 20:48:44
221,471,15,827.12,73,true,2017-12-14 22:01:21
479,1313,9,178.74,64,false,
361,1613,22,629.69,57,true,1986-02-08 19:43:33
473,1458,15,994.75,17,true,1975-06-20 19:40:57
440,1741,0,489.62,26,true,1989-12-02 15:36:03
367,1039,5,927.81,38,false,
134,996,6,249.18,99,true,2016-05-29 01:15:07
484,1998,13,939.10,20,true,2017-05-01 20:57:49
315,1119,20,555.65,68,true,1994-03-04 22:08:45
494,1166,16,116.31,6,false,
443,1508,14,351.44,95,false,
52,1923,23,894.94,17,false,
273,1135,24,526.59,51,true,2008-01-20 15:18:25
442,1949,16,447.35,18,true,1970-11-02 06:42:35
321,1236,17,425.39,93,true,1993-06-24 06:37:27
414,1600,22,463.82,50,false,
78,522,22,147.78,49,true,1990-01-31 10:31:30
367,450,4,650.94,45,false,
473,885,9,346.47,86,false,
86,1595,22,597.11,64,true,2011-11-07 03:35:12
62,1260,24,824.72,3,false,
